ID,param_0,param_1,param_2,param_3,param_4,param_5,param_6,param_7,param_8,param_9,param_10,param_11,estim_throughput_0,logic,mem,ram,dsp,fmax,fit
../benchmarks/raycasting0,0,0,0,0,0,0,0,0,31,15,23,17,5.72205e-05,65975,2410640,457,43,267.73,Y
../benchmarks/raycasting1,0,0,0,0,0,0,0,1,33,15,25,20,5.72205e-05,61602,3838224,491,51,245.09,Y
../benchmarks/raycasting2,0,0,0,0,0,0,0,2,34,16,26,27,5.72205e-05,64848,4201560,519,68,260.89,Y
../benchmarks/raycasting3,0,0,0,0,0,0,1,0,30,14,21,19,0.234375,67352,2239794,435,49,274.34,Y
../benchmarks/raycasting4,0,0,0,0,0,0,1,1,31,15,23,22,0.234375,62900,3379250,455,57,244.85,Y
../benchmarks/raycasting5,0,0,0,0,0,0,1,2,33,15,23,29,0.234375,65871,3506202,474,74,257.59,Y
../benchmarks/raycasting6,0,0,0,0,0,1,0,0,31,15,22,16,5.72205e-05,65752,2410640,457,41,280.34,Y
../benchmarks/raycasting7,0,0,0,0,0,1,0,1,33,15,25,18,5.72205e-05,61414,3838224,491,47,263.5,Y
../benchmarks/raycasting8,0,0,0,0,0,1,0,2,34,16,25,25,5.72205e-05,64546,4202748,520,64,280.97,Y
../benchmarks/raycasting9,0,0,0,0,0,1,1,0,30,14,21,18,0.234375,67139,2239794,435,47,304.41,Y
../benchmarks/raycasting10,0,0,0,0,0,1,1,1,31,14,23,21,0.234375,62485,3379250,455,53,294.55,Y
../benchmarks/raycasting11,0,0,0,0,0,1,1,2,33,15,23,27,0.234375,65554,3506202,474,70,289.93,Y
../benchmarks/raycasting12,0,0,0,0,1,0,0,0,32,15,23,17,5.72205e-05,66064,2693008,471,43,292.14,Y
../benchmarks/raycasting13,0,0,0,0,1,0,0,1,33,15,26,20,5.72205e-05,61769,4120592,505,51,261.77,Y
../benchmarks/raycasting14,0,0,0,0,1,0,0,2,35,16,26,27,5.72205e-05,64900,4483928,533,68,281.69,Y
../benchmarks/raycasting15,0,0,0,0,1,0,1,0,31,14,21,19,0.234375,67533,2522162,449,49,288.6,Y
../benchmarks/raycasting16,0,0,0,0,1,0,1,1,32,15,23,22,0.234375,63000,3661618,469,57,272.77,Y
../benchmarks/raycasting17,0,0,0,0,1,0,1,2,33,15,24,29,0.234375,66013,3788570,488,74,272.1,Y
../benchmarks/raycasting18,0,0,0,0,1,1,0,0,32,15,23,16,5.72205e-05,65888,2693008,471,41,260.01,Y
../benchmarks/raycasting19,0,0,0,0,1,1,0,1,33,15,26,18,5.72205e-05,61525,4120592,505,47,271.51,Y
../benchmarks/raycasting20,0,0,0,0,1,1,0,2,35,16,26,25,5.72205e-05,64557,4485116,534,64,238.66,Y
../benchmarks/raycasting21,0,0,0,0,1,1,1,0,31,14,21,18,0.234375,67234,2522162,449,47,298.68,Y
../benchmarks/raycasting22,0,0,0,0,1,1,1,1,31,14,23,21,0.234375,62631,3661618,469,53,280.19,Y
../benchmarks/raycasting23,0,0,0,0,1,1,1,2,33,15,24,27,0.234375,65735,3788570,488,70,285.3,Y
../benchmarks/raycasting24,0,0,0,1,0,0,0,0,34,16,27,17,5.72205e-05,63662,4942736,548,43,258.06,Y
../benchmarks/raycasting25,0,0,0,1,0,0,0,1,35,16,29,20,5.72205e-05,63142,5322256,573,51,253.74,Y
../benchmarks/raycasting26,0,0,0,1,0,0,0,2,36,17,29,27,5.72205e-05,66245,5685592,601,68,257.66,Y
../benchmarks/raycasting27,0,0,0,1,0,0,1,0,33,15,25,19,0.234375,64515,4451378,513,49,294.2,Y
../benchmarks/raycasting28,0,0,0,1,0,0,1,1,33,15,26,22,0.234375,63801,4542770,524,57,266.38,Y
../benchmarks/raycasting29,0,0,0,1,0,0,1,2,35,16,27,29,0.234375,66859,4669722,543,74,283.44,Y
../benchmarks/raycasting30,0,0,0,1,0,1,0,0,34,16,27,16,5.72205e-05,63479,4942736,548,41,261.5,Y
../benchmarks/raycasting31,0,0,0,1,0,1,0,1,35,16,29,18,5.72205e-05,62844,5322256,573,47,272.92,Y
../benchmarks/raycasting32,0,0,0,1,0,1,0,2,36,17,29,25,5.72205e-05,65887,5686780,602,64,266.31,Y
../benchmarks/raycasting33,0,0,0,1,0,1,1,0,33,15,25,18,0.234375,64309,4451378,513,47,291.8,Y
../benchmarks/raycasting34,0,0,0,1,0,1,1,1,33,15,26,21,0.234375,63439,4542770,524,53,292.56,Y
../benchmarks/raycasting35,0,0,0,1,0,1,1,2,34,16,26,27,0.234375,66381,4669722,543,70,279.64,Y
../benchmarks/raycasting36,0,0,0,1,1,0,0,0,35,16,28,17,5.72205e-05,63746,5225104,562,43,253.87,Y
../benchmarks/raycasting37,0,0,0,1,1,0,0,1,35,16,29,20,5.72205e-05,63135,5604624,587,51,271.44,Y
../benchmarks/raycasting38,0,0,0,1,1,0,0,2,37,17,30,27,5.72205e-05,66299,5967960,615,68,247.03,Y
../benchmarks/raycasting39,0,0,0,1,1,0,1,0,34,15,26,19,0.234375,64639,4733746,527,49,265.6,Y
../benchmarks/raycasting40,0,0,0,1,1,0,1,1,34,15,26,22,0.234375,63885,4825138,538,57,267.95,Y
../benchmarks/raycasting41,0,0,0,1,1,0,1,2,35,16,27,29,0.234375,66833,4952090,557,74,278.16,Y
../benchmarks/raycasting42,0,0,0,1,1,1,0,0,35,16,28,16,5.72205e-05,63550,5225104,562,41,263.57,Y
../benchmarks/raycasting43,0,0,0,1,1,1,0,1,35,16,29,18,5.72205e-05,62911,5604624,587,47,261.36,Y
../benchmarks/raycasting44,0,0,0,1,1,1,0,2,37,17,30,25,5.72205e-05,66052,5969148,616,64,246.3,Y
../benchmarks/raycasting45,0,0,0,1,1,1,1,0,34,15,26,18,0.234375,64422,4733746,527,47,300.3,Y
../benchmarks/raycasting46,0,0,0,1,1,1,1,1,33,15,26,21,0.234375,63538,4825138,538,53,303.39,Y
../benchmarks/raycasting47,0,0,0,1,1,1,1,2,35,16,27,27,0.234375,66573,4952090,557,70,277.0,Y
../benchmarks/raycasting48,0,0,1,0,0,0,0,0,34,16,26,17,5.72205e-05,64086,3901644,515,43,256.47,Y
../benchmarks/raycasting49,0,0,1,0,0,0,0,1,35,16,28,20,5.72205e-05,63543,4307788,540,51,266.59,Y
../benchmarks/raycasting50,0,0,1,0,0,0,0,2,36,17,29,27,5.72205e-05,66676,4671124,568,68,264.76,Y
../benchmarks/raycasting51,0,0,1,0,0,0,1,0,34,15,24,19,0.234375,65920,3741562,485,49,271.29,Y
../benchmarks/raycasting52,0,0,1,0,0,0,1,1,34,16,25,22,0.234375,65128,3859578,496,57,264.2,Y
../benchmarks/raycasting53,0,0,1,0,0,0,1,2,35,17,26,29,0.234375,68108,3986530,515,74,291.71,Y
../benchmarks/raycasting54,0,0,1,0,0,1,0,0,34,16,26,16,5.72205e-05,63881,3901644,515,41,280.5,Y
../benchmarks/raycasting55,0,0,1,0,0,1,0,1,35,16,28,18,5.72205e-05,63285,4307788,540,47,259.47,Y
../benchmarks/raycasting56,0,0,1,0,0,1,0,2,36,17,28,25,5.72205e-05,66379,4672312,569,64,247.95,Y
../benchmarks/raycasting57,0,0,1,0,0,1,1,0,34,15,24,18,0.234375,65616,3741562,485,47,288.35,Y
../benchmarks/raycasting58,0,0,1,0,0,1,1,1,34,15,25,21,0.234375,64762,3859578,496,53,302.48,Y
../benchmarks/raycasting59,0,0,1,0,0,1,1,2,35,16,26,27,0.234375,67726,3986530,515,70,283.2,Y
../benchmarks/raycasting60,0,0,1,0,1,0,0,0,33,15,24,17,5.72205e-05,67720,2805772,499,43,246.06,Y
../benchmarks/raycasting61,0,0,1,0,1,0,0,1,34,16,27,20,5.72205e-05,63391,4233356,533,51,266.66,Y
../benchmarks/raycasting62,0,0,1,0,1,0,0,2,36,17,28,27,5.72205e-05,66521,4596692,561,68,257.0,Y
../benchmarks/raycasting63,0,0,1,0,1,0,1,0,33,15,22,19,0.234375,69446,2644602,468,49,261.7,Y
../benchmarks/raycasting64,0,0,1,0,1,0,1,1,33,15,24,22,0.234375,64955,3784058,488,57,268.24,Y
../benchmarks/raycasting65,0,0,1,0,1,0,1,2,35,16,24,29,0.234375,67921,3911010,507,74,285.87,Y
../benchmarks/raycasting66,0,0,1,0,1,1,0,0,32,15,24,16,5.72205e-05,67406,2804940,498,41,249.62,Y
../benchmarks/raycasting67,0,0,1,0,1,1,0,1,34,16,27,18,5.72205e-05,63051,4232524,532,47,264.41,Y
../benchmarks/raycasting68,0,0,1,0,1,1,0,2,35,16,27,25,5.72205e-05,66117,4597048,561,64,265.67,Y
../benchmarks/raycasting69,0,0,1,0,1,1,1,0,32,15,22,18,0.234375,69203,2644602,468,47,304.41,Y
../benchmarks/raycasting70,0,0,1,0,1,1,1,1,33,15,24,21,0.234375,64498,3784058,488,53,291.54,Y
../benchmarks/raycasting71,0,0,1,0,1,1,1,2,35,16,24,27,0.234375,67598,3911010,507,70,269.61,Y
../benchmarks/raycasting72,0,0,1,1,0,0,0,0,36,17,30,17,5.72205e-05,65315,5451468,598,43,248.57,Y
../benchmarks/raycasting73,0,0,1,1,0,0,0,1,37,17,32,20,5.72205e-05,64732,5830476,623,51,270.33,Y
../benchmarks/raycasting74,0,0,1,1,0,0,0,2,38,18,32,27,5.72205e-05,67872,6193812,651,68,240.84,Y
../benchmarks/raycasting75,0,0,1,1,0,0,1,0,36,16,27,19,0.234375,66733,4969082,553,49,267.58,Y
../benchmarks/raycasting76,0,0,1,1,0,0,1,1,36,16,28,22,0.234375,65959,5059962,564,57,254.84,Y
../benchmarks/raycasting77,0,0,1,1,0,0,1,2,37,17,29,29,0.234375,69058,5186914,583,74,268.74,Y
../benchmarks/raycasting78,0,0,1,1,0,1,0,0,36,17,30,16,5.72205e-05,65137,5451468,598,41,254.0,Y
../benchmarks/raycasting79,0,0,1,1,0,1,0,1,37,17,32,18,5.72205e-05,64461,5830476,623,47,256.01,Y
../benchmarks/raycasting80,0,0,1,1,0,1,0,2,38,18,32,25,5.72205e-05,67595,6195000,652,64,245.63,Y
../benchmarks/raycasting81,0,0,1,1,0,1,1,0,36,16,27,18,0.234375,66540,4969082,553,47,297.0,Y
../benchmarks/raycasting82,0,0,1,1,0,1,1,1,35,16,28,21,0.234375,65652,5059962,564,53,298.86,Y
../benchmarks/raycasting83,0,0,1,1,0,1,1,2,37,17,29,27,0.234375,68629,5186914,583,70,287.85,Y
../benchmarks/raycasting84,0,0,1,1,1,0,0,0,36,16,29,17,5.72205e-05,65069,5377548,591,43,266.16,Y
../benchmarks/raycasting85,0,0,1,1,1,0,0,1,36,17,31,20,5.72205e-05,64497,5757068,616,51,224.31,Y
../benchmarks/raycasting86,0,0,1,1,1,0,0,2,38,17,31,27,5.72205e-05,67657,6120404,644,68,235.4,Y
../benchmarks/raycasting87,0,0,1,1,1,0,1,0,35,16,26,19,0.234375,66484,4893306,544,49,250.31,Y
../benchmarks/raycasting88,0,0,1,1,1,0,1,1,35,16,27,22,0.234375,65786,4984698,555,57,243.07,Y
../benchmarks/raycasting89,0,0,1,1,1,0,1,2,37,17,28,29,0.234375,68748,5111650,574,74,260.14,Y
../benchmarks/raycasting90,0,0,1,1,1,1,0,0,36,16,29,16,5.72205e-05,64811,5375948,589,41,248.81,Y
../benchmarks/raycasting91,0,0,1,1,1,1,0,1,36,17,31,18,5.72205e-05,64166,5755468,614,47,253.87,Y
../benchmarks/raycasting92,0,0,1,1,1,1,0,2,38,17,31,25,5.72205e-05,67312,6119992,643,64,245.76,Y
../benchmarks/raycasting93,0,0,1,1,1,1,1,0,35,16,26,18,0.234375,66301,4893306,544,47,297.35,Y
../benchmarks/raycasting94,0,0,1,1,1,1,1,1,35,16,27,21,0.234375,65475,4984698,555,53,278.47,Y
../benchmarks/raycasting95,0,0,1,1,1,1,1,2,37,17,28,27,0.234375,68448,5111650,574,70,274.42,Y
../benchmarks/raycasting96,0,1,0,0,0,0,0,0,41,19,30,21,5.72205e-05,72984,4338384,584,53,243.84,Y
../benchmarks/raycasting97,0,1,0,0,0,0,0,1,41,20,32,24,5.72205e-05,72384,4744016,609,61,244.08,Y
../benchmarks/raycasting98,0,1,0,0,0,0,0,2,43,20,33,30,5.72205e-05,75499,5107352,637,78,260.07,Y
../benchmarks/raycasting99,0,1,0,0,0,0,1,0,36,17,24,23,0.234375,71693,3742514,516,59,304.41,Y
../benchmarks/raycasting100,0,1,0,0,0,0,1,1,36,17,25,26,0.234375,70977,3860018,527,67,281.45,Y
../benchmarks/raycasting101,0,1,0,0,0,0,1,2,37,18,26,33,0.234375,74133,3986970,546,84,292.05,Y
../benchmarks/raycasting102,0,1,0,0,0,1,0,0,40,19,30,20,5.72205e-05,72677,4337552,582,51,236.96,Y
../benchmarks/raycasting103,0,1,0,0,0,1,0,1,41,19,32,22,5.72205e-05,72030,4743184,607,57,256.6,Y
../benchmarks/raycasting104,0,1,0,0,0,1,0,2,42,20,32,29,5.72205e-05,75112,5107708,636,74,262.53,Y
../benchmarks/raycasting105,0,1,0,0,0,1,1,0,36,17,24,22,0.234375,71660,3737394,515,57,298.59,Y
../benchmarks/raycasting106,0,1,0,0,0,1,1,1,35,17,25,25,0.234375,70395,3854898,526,63,292.99,Y
../benchmarks/raycasting107,0,1,0,0,0,1,1,2,37,17,25,31,0.234375,73803,3981850,545,80,284.33,Y
../benchmarks/raycasting108,0,1,0,0,1,0,0,0,41,19,31,21,5.72205e-05,72952,4619920,596,53,256.41,Y
../benchmarks/raycasting109,0,1,0,0,1,0,0,1,41,20,32,24,5.72205e-05,72462,5025552,621,61,242.65,Y
../benchmarks/raycasting110,0,1,0,0,1,0,0,2,43,20,33,30,5.72205e-05,75591,5388888,649,78,262.26,Y
../benchmarks/raycasting111,0,1,0,0,1,0,1,0,36,17,24,23,0.234375,71768,4024861,530,59,302.02,Y
../benchmarks/raycasting112,0,1,0,0,1,0,1,1,36,17,25,26,0.234375,70997,4142365,541,67,277.93,Y
../benchmarks/raycasting113,0,1,0,0,1,0,1,2,38,18,26,33,0.234375,74210,4269317,560,84,282.16,Y
../benchmarks/raycasting114,0,1,0,0,1,1,0,0,41,19,30,20,5.72205e-05,72806,4619920,596,51,250.31,Y
../benchmarks/raycasting115,0,1,0,0,1,1,0,1,41,19,32,22,5.72205e-05,72153,5025552,621,57,256.08,Y
../benchmarks/raycasting116,0,1,0,0,1,1,0,2,43,20,32,29,5.72205e-05,75248,5390076,650,74,248.57,Y
../benchmarks/raycasting117,0,1,0,0,1,1,1,0,36,17,24,22,0.234375,71698,4019762,529,57,297.61,Y
../benchmarks/raycasting118,0,1,0,0,1,1,1,1,36,17,25,25,0.234375,70529,4137266,540,63,297.35,Y
../benchmarks/raycasting119,0,1,0,0,1,1,1,2,37,17,26,31,0.234375,73852,4264218,559,80,271.81,Y
../benchmarks/raycasting120,0,1,0,1,0,0,0,0,44,21,37,21,5.72205e-05,75623,6902224,724,53,260.07,Y
../benchmarks/raycasting121,0,1,0,1,0,0,0,1,45,21,39,24,5.72205e-05,75020,7281232,749,61,248.26,Y
../benchmarks/raycasting122,0,1,0,1,0,0,0,2,47,22,39,30,5.72205e-05,78187,7644568,777,78,219.25,Y
../benchmarks/raycasting123,0,1,0,1,0,0,1,0,39,18,29,23,0.234375,73291,5607218,624,59,290.27,Y
../benchmarks/raycasting124,0,1,0,1,0,0,1,1,39,18,30,26,0.234375,72355,5698098,635,67,285.14,Y
../benchmarks/raycasting125,0,1,0,1,0,0,1,2,41,19,31,33,0.234375,75499,5825050,654,84,289.43,Y
../benchmarks/raycasting126,0,1,0,1,0,1,0,0,44,21,37,20,5.72205e-05,75342,6900624,723,51,255.23,Y
../benchmarks/raycasting127,0,1,0,1,0,1,0,1,45,21,39,22,5.72205e-05,74676,7279632,748,57,265.81,Y
../benchmarks/raycasting128,0,1,0,1,0,1,0,2,46,22,39,29,5.72205e-05,77894,7644156,777,74,254.77,Y
../benchmarks/raycasting129,0,1,0,1,0,1,1,0,39,18,29,22,0.234375,72863,5596978,623,57,289.43,Y
../benchmarks/raycasting130,0,1,0,1,0,1,1,1,39,18,30,25,0.234375,71895,5687858,634,63,277.7,Y
../benchmarks/raycasting131,0,1,0,1,0,1,1,2,40,19,31,31,0.234375,75156,5814810,653,80,278.62,Y
../benchmarks/raycasting132,0,1,0,1,1,0,0,0,44,21,37,21,5.72205e-05,75678,7182992,737,53,246.24,Y
../benchmarks/raycasting133,0,1,0,1,1,0,0,1,45,21,39,24,5.72205e-05,75098,7562000,762,61,245.39,Y
../benchmarks/raycasting134,0,1,0,1,1,0,0,2,47,22,40,30,5.72205e-05,78306,7925336,790,78,258.66,Y
../benchmarks/raycasting135,0,1,0,1,1,0,1,0,39,18,30,23,0.234375,73410,5889586,638,59,272.62,Y
../benchmarks/raycasting136,0,1,0,1,1,0,1,1,40,18,31,26,0.234375,72473,5980466,649,67,275.33,Y
../benchmarks/raycasting137,0,1,0,1,1,0,1,2,41,19,31,33,0.234375,75577,6107418,668,84,261.09,Y
../benchmarks/raycasting138,0,1,0,1,1,1,0,0,44,21,37,20,5.72205e-05,75445,7182992,737,51,252.01,Y
../benchmarks/raycasting139,0,1,0,1,1,1,0,1,45,21,39,22,5.72205e-05,74871,7562000,762,57,253.1,Y
../benchmarks/raycasting140,0,1,0,1,1,1,0,2,47,22,39,29,5.72205e-05,77919,7926524,791,74,253.93,Y
../benchmarks/raycasting141,0,1,0,1,1,1,1,0,39,18,30,22,0.234375,72947,5879346,637,57,283.52,Y
../benchmarks/raycasting142,0,1,0,1,1,1,1,1,39,18,30,25,0.234375,72026,5970226,648,63,275.55,Y
../benchmarks/raycasting143,0,1,0,1,1,1,1,2,41,19,31,31,0.234375,75156,6097178,667,80,294.2,Y
../benchmarks/raycasting144,0,1,1,0,0,0,0,0,43,20,34,21,5.72205e-05,75540,4847660,647,53,226.24,Y
../benchmarks/raycasting145,0,1,1,0,0,0,0,1,44,21,36,24,5.72205e-05,74915,5253292,672,61,247.27,Y
../benchmarks/raycasting146,0,1,1,0,0,0,0,2,46,22,36,30,5.72205e-05,78060,5616628,700,78,240.9,Y
../benchmarks/raycasting147,0,1,1,0,0,0,1,0,39,18,27,23,0.234375,74806,4320026,575,59,278.16,Y
../benchmarks/raycasting148,0,1,1,0,0,0,1,1,39,19,28,26,0.234375,74029,4437530,586,67,273.67,Y
../benchmarks/raycasting149,0,1,1,0,0,0,1,2,41,19,29,33,0.234375,77123,4564482,605,84,286.2,Y
../benchmarks/raycasting150,0,1,1,0,0,1,0,0,43,20,34,20,5.72205e-05,75324,4847660,646,51,241.54,Y
../benchmarks/raycasting151,0,1,1,0,0,1,0,1,44,21,36,22,5.72205e-05,74670,5253292,671,57,245.7,Y
../benchmarks/raycasting152,0,1,1,0,0,1,0,2,45,22,36,29,5.72205e-05,77725,5617816,700,74,259.39,Y
../benchmarks/raycasting153,0,1,1,0,0,1,1,0,39,18,27,22,0.234375,74577,4314906,574,57,269.46,Y
../benchmarks/raycasting154,0,1,1,0,0,1,1,1,39,18,28,25,0.234375,73691,4432410,585,63,276.54,Y
../benchmarks/raycasting155,0,1,1,0,0,1,1,2,41,19,29,31,0.234375,76709,4559362,604,80,288.43,Y
../benchmarks/raycasting156,0,1,1,0,1,0,0,0,42,20,33,21,5.72205e-05,75174,4700012,634,53,237.3,Y
../benchmarks/raycasting157,0,1,1,0,1,0,0,1,43,20,34,24,5.72205e-05,74569,5105644,659,61,254.84,Y
../benchmarks/raycasting158,0,1,1,0,1,0,0,2,44,21,35,30,5.72205e-05,77769,5468980,687,78,241.25,Y
../benchmarks/raycasting159,0,1,1,0,1,0,1,0,38,18,26,23,0.234375,74418,4170245,558,59,282.88,Y
../benchmarks/raycasting160,0,1,1,0,1,0,1,1,38,18,26,26,0.234375,73632,4287749,569,67,281.37,Y
../benchmarks/raycasting161,0,1,1,0,1,0,1,2,40,19,27,33,0.234375,76596,4414701,588,84,266.24,Y
../benchmarks/raycasting162,0,1,1,0,1,1,0,0,42,20,32,20,5.72205e-05,74761,4697644,628,51,244.97,Y
../benchmarks/raycasting163,0,1,1,0,1,1,0,1,42,20,34,22,5.72205e-05,74096,5103276,653,57,264.55,Y
../benchmarks/raycasting164,0,1,1,0,1,1,0,2,44,21,34,29,5.72205e-05,77192,5467800,682,74,259.94,Y
../benchmarks/raycasting165,0,1,1,0,1,1,1,0,38,17,25,22,0.234375,74237,4165146,557,57,292.99,Y
../benchmarks/raycasting166,0,1,1,0,1,1,1,1,38,18,26,25,0.234375,73164,4282650,568,63,292.82,Y
../benchmarks/raycasting167,0,1,1,0,1,1,1,2,39,18,27,31,0.234375,76289,4409602,587,80,268.81,Y
../benchmarks/raycasting168,0,1,1,1,0,0,0,0,46,22,39,21,5.72205e-05,77589,7034156,761,53,242.71,Y
../benchmarks/raycasting169,0,1,1,1,0,0,0,1,46,22,41,24,5.72205e-05,77097,7413164,786,61,236.4,Y
../benchmarks/raycasting170,0,1,1,1,0,0,0,2,48,23,41,30,5.72205e-05,80321,7776500,814,78,242.07,Y
../benchmarks/raycasting171,0,1,1,1,0,0,1,0,41,19,31,23,0.234375,75874,5840410,668,59,266.66,Y
../benchmarks/raycasting172,0,1,1,1,0,0,1,1,41,19,32,26,0.234375,75129,5931290,679,67,281.84,Y
../benchmarks/raycasting173,0,1,1,1,0,0,1,2,43,20,33,33,0.234375,78251,6058242,698,84,283.44,Y
../benchmarks/raycasting174,0,1,1,1,0,1,0,0,46,22,39,20,5.72205e-05,77617,7034156,766,51,227.84,Y
../benchmarks/raycasting175,0,1,1,1,0,1,0,1,46,22,41,22,5.72205e-05,77116,7413164,791,57,250.5,Y
../benchmarks/raycasting176,0,1,1,1,0,1,0,2,48,23,41,29,5.72205e-05,80221,7777688,820,74,245.94,Y
../benchmarks/raycasting177,0,1,1,1,0,1,1,0,41,19,31,22,0.234375,75617,5830170,667,57,273.89,Y
../benchmarks/raycasting178,0,1,1,1,0,1,1,1,41,19,32,25,0.234375,74766,5921050,678,63,290.19,Y
../benchmarks/raycasting179,0,1,1,1,0,1,1,2,42,20,33,31,0.234375,77890,6048002,697,80,283.52,Y
../benchmarks/raycasting180,0,1,1,1,1,0,0,0,45,21,38,21,5.72205e-05,77330,6888556,748,53,249.37,Y
../benchmarks/raycasting181,0,1,1,1,1,0,0,1,46,22,39,24,5.72205e-05,76687,7267564,773,61,242.89,Y
../benchmarks/raycasting182,0,1,1,1,1,0,0,2,47,22,40,30,5.72205e-05,79823,7630900,801,78,252.33,Y
../benchmarks/raycasting183,0,1,1,1,1,0,1,0,40,18,29,23,0.234375,75666,5689626,647,59,274.64,Y
../benchmarks/raycasting184,0,1,1,1,1,0,1,1,41,19,30,26,0.234375,74851,5780506,658,67,284.33,Y
../benchmarks/raycasting185,0,1,1,1,1,0,1,2,42,20,31,33,0.234375,77988,5907458,677,84,266.66,Y
../benchmarks/raycasting186,0,1,1,1,1,1,0,0,44,21,37,20,5.72205e-05,77013,6883884,747,51,257.52,Y
../benchmarks/raycasting187,0,1,1,1,1,1,0,1,45,21,39,22,5.72205e-05,76452,7262892,772,57,246.24,Y
../benchmarks/raycasting188,0,1,1,1,1,1,0,2,47,22,39,29,5.72205e-05,79503,7627416,801,74,237.64,Y
../benchmarks/raycasting189,0,1,1,1,1,1,1,0,40,18,29,22,0.234375,75395,5679386,646,57,288.18,Y
../benchmarks/raycasting190,0,1,1,1,1,1,1,1,40,19,30,25,0.234375,74502,5770266,657,63,289.1,Y
../benchmarks/raycasting191,0,1,1,1,1,1,1,2,42,20,31,31,0.234375,-1,-1,-1,-1,-1,N
../benchmarks/raycasting195,1,0,0,0,0,0,1,0,62,33,35,27,0.000147466,116763,8667150,1128,69,256.27,Y
../benchmarks/raycasting196,1,0,0,0,0,0,1,1,62,33,35,30,0.000147466,116433,8774030,1145,77,248.07,Y
../benchmarks/raycasting197,1,0,0,0,0,0,1,2,64,34,36,37,0.000147466,120398,9016086,1168,94,259.13,Y
../benchmarks/raycasting201,1,0,0,0,0,1,1,0,62,32,35,26,0.000147466,116590,8667150,1128,67,263.29,Y
../benchmarks/raycasting202,1,0,0,0,0,1,1,1,62,33,35,29,0.000147466,115607,8725390,1142,73,252.97,Y
../benchmarks/raycasting203,1,0,0,0,0,1,1,2,63,34,36,35,0.000147466,119614,8970006,1168,90,249.19,Y
../benchmarks/raycasting207,1,0,0,0,1,0,1,0,66,33,38,27,0.000147484,117760,11209074,1254,69,247.52,Y
../benchmarks/raycasting208,1,0,0,0,1,0,1,1,66,34,39,30,0.000147484,117392,11315954,1271,77,259.06,Y
../benchmarks/raycasting209,1,0,0,0,1,0,1,2,68,35,39,37,0.000147484,121318,11558010,1294,94,254.9,Y
../benchmarks/raycasting213,1,0,0,0,1,1,1,0,66,33,38,26,0.000147484,117513,11209074,1254,67,261.3,Y
../benchmarks/raycasting214,1,0,0,0,1,1,1,1,66,34,39,29,0.000147484,116537,11267314,1268,73,260.62,Y
../benchmarks/raycasting215,1,0,0,0,1,1,1,2,68,35,39,35,0.000147484,120517,11511930,1294,90,245.33,Y
../benchmarks/raycasting219,1,0,0,1,0,0,1,0,79,40,63,27,0.000131084,125477,20446734,1718,69,247.58,Y
../benchmarks/raycasting220,1,0,0,1,0,0,1,1,79,40,64,30,0.000131084,125262,20522382,1732,77,252.58,Y
../benchmarks/raycasting221,1,0,0,1,0,0,1,2,81,41,64,37,0.000131084,128964,20833558,1757,94,250.68,Y
../benchmarks/raycasting225,1,0,0,1,0,1,1,0,79,40,63,26,0.000131084,125274,20446734,1718,67,251.19,Y
../benchmarks/raycasting226,1,0,0,1,0,1,1,1,79,40,64,29,0.000131084,124471,20450702,1729,73,246.18,Y
../benchmarks/raycasting227,1,0,0,1,0,1,1,2,81,41,64,35,0.000131084,128195,20764438,1757,90,255.95,Y
../benchmarks/raycasting231,1,0,0,1,1,0,1,0,84,41,67,27,0.000131098,126585,22986822,1844,69,221.58,Y
../benchmarks/raycasting232,1,0,0,1,1,0,1,1,84,41,67,30,0.000131098,126354,23062470,1858,77,256.87,Y
../benchmarks/raycasting233,1,0,0,1,1,0,1,2,85,42,68,37,0.000131098,130143,23373646,1883,94,237.24,Y
../benchmarks/raycasting237,1,0,0,1,1,1,1,0,83,40,67,26,0.000131098,126436,22986822,1844,67,248.2,Y
../benchmarks/raycasting238,1,0,0,1,1,1,1,1,83,41,67,29,0.000131098,125481,22990790,1855,73,255.42,Y
../benchmarks/raycasting239,1,0,0,1,1,1,1,2,85,42,68,35,0.000131098,129419,23304526,1883,90,251.25,Y
../benchmarks/raycasting243,1,0,1,0,0,0,1,0,77,40,52,27,0.00014743,134188,13033861,1664,69,253.42,Y
../benchmarks/raycasting244,1,0,1,0,0,0,1,1,77,40,53,30,0.00014743,133852,13142951,1691,77,244.25,Y
../benchmarks/raycasting245,1,0,1,0,0,0,1,2,79,41,53,37,0.00014743,137629,13385743,1726,94,232.72,Y
../benchmarks/raycasting249,1,0,1,0,0,1,1,0,77,40,52,26,0.00014743,134072,13033861,1664,67,257.79,Y
../benchmarks/raycasting250,1,0,1,0,0,1,1,1,76,40,53,29,0.00014743,133381,13089615,1660,73,258.19,Y
../benchmarks/raycasting251,1,0,1,0,0,1,1,2,78,41,53,35,0.00014743,137027,13339032,1726,90,250.56,Y
../benchmarks/raycasting255,1,0,1,0,1,0,1,0,71,36,40,27,0.000147484,129128,12397934,1405,69,262.67,Y
../benchmarks/raycasting256,1,0,1,0,1,0,1,1,71,36,40,30,0.000147484,128866,12504814,1421,77,254.06,Y
../benchmarks/raycasting257,1,0,1,0,1,0,1,2,73,37,41,37,0.000147484,131834,12793686,1493,94,259.33,Y
../benchmarks/raycasting261,1,0,1,0,1,1,1,0,71,36,40,26,0.000147484,128843,12397934,1405,67,267.16,Y
../benchmarks/raycasting262,1,0,1,0,1,1,1,1,71,36,40,29,0.000147484,127884,12456174,1419,73,251.31,Y
../benchmarks/raycasting263,1,0,1,0,1,1,1,2,73,37,41,35,0.000147484,131859,12709174,1460,90,273.07,Y
../benchmarks/raycasting279,1,0,1,1,1,0,1,0,89,43,69,27,0.000131098,136548,24792636,2149,69,220.45,Y
../benchmarks/raycasting280,1,0,1,1,1,0,1,1,89,43,69,30,0.000131098,136406,24870494,2166,77,233.69,Y
../benchmarks/raycasting285,1,0,1,1,1,1,1,0,89,43,69,26,0.000131098,136307,24792636,2149,67,239.06,Y
../benchmarks/raycasting286,1,0,1,1,1,1,1,1,88,43,69,29,0.000131098,135647,24799452,2164,73,238.03,Y
../benchmarks/raycasting287,1,0,1,1,1,1,1,2,90,44,70,35,0.000131098,139254,25112653,2199,90,244.67,Y
