ID_x,knob_simd,knob_compute_units,knob_xyz_loop,knob_entryid_loop,knob_entryid_num_wi,knob_hardcode_size,knob_cache_voxels,knob_xyz_loop_flat,knob_xyz_unroll,knob_entryid_unroll,knob_voxel_unroll,knob_voxel_out_unroll,knob_depth_local,knob_branch_pos,knob_unused,estim_logic,estim_reg,estim_mem,estim_dsp,estim_throughput_0,time,logic,mem,ram,dsp,fmax,fit,ID_int,ID_y,Tracking1,Tracking2,Raycast,Raycast_CreateDepths,Raycast_CreatePointCloud,Raycast_CreateICPMaps,Raycast_ForwardRender,Fusion,Fusion_allocate,Fusion_integrate,Total_time,Unnamed: 12,ID,ate
../benchmarks/depth_fusion0,1,1,0,0,64,0,0,0,1,1,1,1,0,0,1,54,27,56,33,5.72205E-005,999,15671,5940868,599,37,265.11,Y,0,depth_fusion0_timing.csv,525.854505051,0,758.147323232,37.6783939394,0,720.354373737,0,5344.33121212,83.4902828283,5260.75464646,6671.32464646,,0,0.030967
../benchmarks/depth_fusion1,1,1,0,0,64,0,0,0,1,1,1,1,0,1,1,57,29,62,33,4.76837E-005,999,15836,1172558,247,41,133.33,Y,1,depth_fusion1_timing.csv,522.323909091,0,772.211858586,38.4714949495,0,733.626020202,0,4891.65656566,83.4844040404,4808.08626263,6215.80949495,,1,0.031038
../benchmarks/depth_fusion4,1,1,0,0,64,0,0,0,2,1,1,1,0,0,1,67,33,69,59,4.76837E-005,999,20808,1507960,325,74,137.04,Y,4,depth_fusion4_timing.csv,537.785131313,0,754.218666667,37.1543030303,0,716.952525253,0,2786.41454545,85.5411919192,2700.79070707,4108.74909091,,4,0.031038
../benchmarks/depth_fusion5,1,1,0,0,64,0,0,0,2,1,1,1,0,1,1,71,37,76,59,4.14848E-005,999,20650,1380145,307,74,136.78,Y,5,depth_fusion5_timing.csv,521.652494949,0,773.412989899,38.4126868687,0,734.888020202,0,2549.1740404,84.7732929293,2464.31889899,3873.74858586,,5,0.031038
../benchmarks/depth_fusion8,1,1,0,0,64,0,0,1,1,1,1,1,0,0,1,54,28,38,33,0.000190735,999,19965,630512,159,41,125.67,Y,8,depth_fusion8_timing.csv,540.897787879,0,775.253585859,37.9733030303,0,737.163515152,0,2342.28666667,80.6917777778,2261.51087879,3690.44686869,,8,0.031058
../benchmarks/depth_fusion9,1,1,0,0,64,0,0,1,1,1,1,1,0,1,1,52,27,53,33,0.000190735,999,14248,1024493,201,41,133.01,Y,9,depth_fusion9_timing.csv,538.480030303,0,754.495535354,37.1473434343,0,717.23730303,0,4676.97313131,85.426040404,4591.46222222,6000.2479798,,9,0.030978
../benchmarks/depth_fusion13,1,1,0,0,64,0,0,1,2,1,1,1,0,1,1,68,35,62,66,0.000165838,999,18872,721870,210,82,104.92,Y,13,depth_fusion13_timing.csv,542.596171717,0,778.277131313,38.5621111111,0,739.59259596,0,100.800808081,80.8053737374,19.9143333333,1453.71727273,,13,0.03089
../benchmarks/depth_fusion16,1,1,0,0,64,0,1,0,1,1,1,1,0,0,1,63,34,47,33,4.59867E-005,999,22905,679382,191,41,127.59,Y,16,depth_fusion16_timing.csv,527.041363636,0,758.391282828,37.3412121212,0,720.938525253,0,1309.26208081,81.6959090909,1227.48452525,2625.94111111,,16,0.030797
../benchmarks/depth_fusion17,1,1,0,0,64,0,1,0,1,1,1,1,0,1,1,59,30,53,33,3.97619E-005,999,15081,628404,188,41,133.08,Y,17,depth_fusion17_timing.csv,540.381737374,0,755.764959596,37.172959596,0,718.481757576,0,878.64740404,84.4857777778,794.082949495,2205.30383838,,17,0.030797
../benchmarks/depth_fusion18,1,1,0,0,64,0,1,0,1,1,1,2,0,0,1,63,34,50,33,4.28206E-005,999,22996,678446,195,41,128.86,Y,18,depth_fusion18_timing.csv,541.253191919,0,776.278818182,37.8292222222,0,738.332414141,0,1290.79837374,81.0602222222,1209.65483838,2640.36292929,,18,0.030957
../benchmarks/depth_fusion19,1,1,0,0,64,0,1,0,1,1,1,2,0,1,1,60,30,55,33,3.97619E-005,999,15070,627791,189,41,133.33,Y,19,depth_fusion19_timing.csv,537.916969697,0,756.206040404,37.2037676768,0,718.892151515,0,876.092272727,85.7423636364,790.271020202,2200.57262626,,19,0.030967
../benchmarks/depth_fusion20,1,1,0,0,64,0,1,0,1,1,2,1,0,0,1,64,34,49,33,4.28206E-005,999,23062,678678,194,41,128.71,Y,20,depth_fusion20_timing.csv,538.126838384,0,754.511262626,37.1875757576,0,717.212515152,0,1301.76991919,86.3436161616,1215.34590909,2624.89494949,,20,0.031038
../benchmarks/depth_fusion21,1,1,0,0,64,0,1,0,1,1,2,1,0,1,1,60,30,54,33,3.65315E-005,999,15214,627892,191,41,136.98,Y,21,depth_fusion21_timing.csv,537.953444444,0,756.591343434,37.205,0,719.276484848,0,857.721010101,86.0406262626,771.600727273,2182.76131313,,21,0.030967
../benchmarks/depth_fusion22,1,1,0,0,64,0,1,0,1,1,2,2,0,0,1,63,34,50,33,4.28206E-005,999,22992,677934,195,41,137.19,Y,22,depth_fusion22_timing.csv,540.414131313,0,777.175757576,37.7722525253,0,739.28569697,0,1227.28970707,80.6858080808,1146.51990909,2576.90979798,,22,0.031079
../benchmarks/depth_fusion23,1,1,0,0,64,0,1,0,1,1,2,2,0,1,1,60,30,56,33,3.65315E-005,999,15146,627279,192,41,137.09,Y,23,depth_fusion23_timing.csv,540.758161616,0,776.675606061,37.9698787879,0,738.587838384,0,844.460646465,80.688969697,763.687848485,2194.04212121,,23,0.031038
../benchmarks/depth_fusion25,1,1,0,0,64,0,1,0,1,2,1,1,0,1,1,84,42,76,66,0.000017997,999,23053,971415,303,82,133.01,Y,25,depth_fusion25_timing.csv,522.953333333,0,774.421282828,38.4476565657,0,735.861656566,0,917.783656566,82.2042222222,835.497242424,2244.79828283,,25,0.031038
../benchmarks/depth_fusion27,1,1,0,0,64,0,1,0,1,2,1,2,0,1,1,84,42,76,66,1.76698E-005,999,23103,972273,305,82,133.22,Y,27,depth_fusion27_timing.csv,540.465565657,0,776.908626263,37.9757272727,0,738.816676768,0,910.124383838,80.7523434343,829.286555556,2259.52868687,,27,0.030967
../benchmarks/depth_fusion29,1,1,0,0,64,0,1,0,1,2,2,1,0,1,1,84,42,76,66,1.76673E-005,999,23249,974999,305,82,134.72,Y,29,depth_fusion29_timing.csv,521.944383838,0,774.525111111,38.5163939394,0,735.898454545,0,904.974181818,84.0317878788,820.861585859,2231.02131313,,29,0.031038
../benchmarks/depth_fusion31,1,1,0,0,64,0,1,0,1,2,2,2,0,1,1,84,42,76,66,1.73425E-005,999,23280,975985,307,82,129.33,Y,31,depth_fusion31_timing.csv,537.798737374,0,757.283444444,37.1905353535,0,719.98320202,0,934.015787879,86.0705757576,847.864515152,2259.39464646,,31,0.031038
../benchmarks/depth_fusion33,1,1,0,0,64,0,1,0,2,1,1,1,0,1,1,72,36,63,59,3.95758E-005,999,19879,744046,242,74,136.89,Y,33,depth_fusion33_timing.csv,539.244333333,0,776.300868687,38.2558484848,0,737.926878788,0,585.375787879,82.8523636364,502.440474747,1932.93626263,,33,0.031038
../benchmarks/depth_fusion35,1,1,0,0,64,0,1,0,2,1,1,2,0,1,1,72,36,66,59,3.95758E-005,999,19775,744953,243,74,131.26,Y,35,depth_fusion35_timing.csv,522.594878788,0,773.581131313,38.4912828283,0,734.978191919,0,599.53940404,82.5735959596,516.885787879,1925.55686869,,35,0.031087
../benchmarks/depth_fusion37,1,1,0,0,64,0,1,0,2,1,2,1,0,1,1,72,36,64,59,4.26201E-005,999,19856,745054,242,74,137.09,Y,37,depth_fusion37_timing.csv,540.495393939,0,776.189626263,38.0524343434,0,738.018707071,0,578.613767677,80.7970606061,497.735757576,1927.38262626,,37,0.031038
../benchmarks/depth_fusion39,1,1,0,0,64,0,1,0,2,1,2,2,0,1,1,72,36,66,59,4.26201E-005,999,19771,744825,243,74,136.7,Y,39,depth_fusion39_timing.csv,523.104171717,0,773.981878788,38.4887777778,0,735.381242424,0,574.588494949,82.8454747475,491.663888889,1901.46979798,,39,0.031038
../benchmarks/depth_fusion48,1,1,0,0,64,0,1,1,1,1,1,1,0,0,1,61,32,50,33,0.000177526,999,20886,924442,198,41,125.96,Y,48,depth_fusion48_timing.csv,538.277787879,0,755.991808081,37.2045959596,0,718.676282828,0,2353.75232323,86.1492929293,2267.52062626,3678.41121212,,48,0.030922
../benchmarks/depth_fusion49,1,1,0,0,64,0,1,1,1,1,1,1,0,1,1,53,27,42,33,0.000159048,999,13106,593443,151,41,133.36,Y,49,depth_fusion49_timing.csv,540.394080808,0,775.927484848,38.2021010101,0,737.605939394,0,670.796686869,80.7774141414,589.935828283,2019.14010101,,49,0.031003
../benchmarks/depth_fusion50,1,1,0,0,64,0,1,1,1,1,1,2,0,0,1,61,32,44,33,0.000171282,999,21110,670985,169,41,116.69,Y,50,depth_fusion50_timing.csv,538.29879798,0,754.012878788,37.1764040404,0,716.726020202,0,2528.4759596,85.6365757576,2442.75723232,3851.22919192,,50,0.031046
../benchmarks/depth_fusion51,1,1,0,0,64,0,1,1,1,1,1,2,0,1,1,53,27,44,33,0.000159048,999,13065,592917,152,41,130.13,Y,51,depth_fusion51_timing.csv,537.363090909,0,758.768565657,37.2374646465,0,721.421545455,0,682.915252525,84.8276969697,598.009919192,2009.4140404,,51,0.030978
../benchmarks/depth_fusion52,1,1,0,0,64,0,1,1,1,1,2,1,0,0,1,61,33,43,33,0.000171282,999,21171,671129,168,41,118.1,Y,52,depth_fusion52_timing.csv,538.246717172,0,754.608666667,37.2563434343,0,717.24089899,0,2507.7079798,85.6492525253,2421.9769596,3831.11010101,,52,0.031058
../benchmarks/depth_fusion53,1,1,0,0,64,0,1,1,1,1,2,1,0,1,1,53,27,43,33,0.000146126,999,13217,592931,154,41,126.83,Y,53,depth_fusion53_timing.csv,537.861919192,0,755.767393939,37.2298989899,0,718.427555556,0,700.87140404,85.9328080808,614.860333333,2024.94838384,,53,0.031003
../benchmarks/depth_fusion54,1,1,0,0,64,0,1,1,1,1,2,2,0,0,1,61,33,45,33,0.000171282,999,21113,670473,169,41,123.53,Y,54,depth_fusion54_timing.csv,540.303636364,0,775.13930303,38.0237777778,0,736.996666667,0,2385.56282828,80.8752323232,2304.60073737,3733.1579798,,54,0.030854
../benchmarks/depth_fusion55,1,1,0,0,64,0,1,1,1,1,2,2,0,1,1,53,27,45,33,0.000146126,999,13146,592405,155,41,133.49,Y,55,depth_fusion55_timing.csv,538.748020202,0,756.176787879,37.2537474747,0,718.81379798,0,664.582747475,86.3156868687,578.189242424,1989.86757576,,55,0.030933
../benchmarks/depth_fusion57,1,1,0,0,64,0,1,1,1,2,1,1,0,1,1,74,36,57,66,4.19929E-005,999,21149,897186,249,82,129.78,Y,57,depth_fusion57_timing.csv,539.802525253,0,776.011707071,38.013959596,0,737.880171717,0,717.032252525,82.054010101,634.896111111,2064.74666667,,57,0.031003
../benchmarks/depth_fusion59,1,1,0,0,64,0,1,1,1,2,1,2,0,1,1,74,36,57,66,4.12294E-005,999,21184,898044,251,82,131.4,Y,59,depth_fusion59_timing.csv,541.078838384,0,775.400616162,38.2365050505,0,737.044454545,0,702.35469697,80.8176969697,621.453232323,2050.89757576,,59,0.031003
../benchmarks/depth_fusion61,1,1,0,0,64,0,1,1,1,2,2,1,0,1,1,75,37,58,66,3.09221E-005,999,21324,900770,251,82,125.88,Y,61,depth_fusion61_timing.csv,538.319757576,0,757.212505051,37.2301414141,0,719.873464646,0,736.633161616,86.0555353535,650.500767677,2062.55757576,,61,0.030978
../benchmarks/depth_fusion63,1,1,0,0,64,0,1,1,1,2,2,2,0,1,1,75,37,58,66,3.03494E-005,999,21339,901756,253,82,126.9,Y,63,depth_fusion63_timing.csv,521.589575758,0,776.445242424,38.5225757576,0,737.809808081,0,723.093262626,82.8586060606,640.15269697,2050.87767677,,63,0.031023
../benchmarks/depth_fusion65,1,1,0,0,64,0,1,1,2,1,1,1,0,1,1,68,34,51,66,0.000158303,999,19030,698207,205,82,104.41,Y,65,depth_fusion65_timing.csv,540.729686869,0,775.333414141,38.4618484848,0,736.752191919,0,126.091292929,80.7301919192,45.2834444444,1474.2830303,,65,0.031003
../benchmarks/depth_fusion67,1,1,0,0,64,0,1,1,2,1,1,2,0,1,1,68,34,52,66,0.000158303,999,18965,697742,206,82,104.71,Y,67,depth_fusion67_timing.csv,540.450919192,0,776.083909091,38.4827272727,0,737.480909091,0,117.548111111,80.8519393939,36.6176464646,1466.12444444,,67,0.031003
../benchmarks/depth_fusion69,1,1,0,0,64,0,1,1,2,1,2,1,0,1,1,68,34,51,66,0.00017048,999,19049,697695,205,82,106.59,Y,69,depth_fusion69_timing.csv,539.245212121,0,776.489333333,38.4939090909,0,737.87520202,0,119.491525253,80.6192323232,38.7944343434,1467.3630303,,69,0.031074
../benchmarks/depth_fusion71,1,1,0,0,64,0,1,1,2,1,2,2,0,1,1,68,34,52,66,0.00017048,999,18978,697614,206,82,105.87,Y,71,depth_fusion71_timing.csv,540.295525253,0,776.669131313,38.4968686869,0,738.052747475,0,111.170585859,80.6862020202,30.4071919192,1460.23393939,,71,0.03108
../benchmarks/depth_fusion80,1,1,0,0,64,0,2,0,1,1,1,1,0,0,1,63,32,59,33,4.41033E-005,999,15291,779278,217,41,137.3,Y,80,depth_fusion80_timing.csv,538.09140404,0,757.499646465,37.1863737374,0,720.203848485,0,124.142141414,84.2552626263,39.8134343434,1450.43131313,,80,0.031038
../benchmarks/depth_fusion81,1,1,0,0,64,0,2,0,1,1,1,1,0,1,1,63,33,55,33,3.82229E-005,999,15307,767598,216,41,133.44,Y,81,depth_fusion81_timing.csv,537.824292929,0,756.992191919,37.2282525253,0,719.657434343,0,123.93320202,84.8104646465,39.0495656566,1449.15646465,,81,0.031038
../benchmarks/depth_fusion82,1,1,0,0,64,0,2,0,1,1,1,2,0,0,1,61,31,56,33,0.000044364,999,15014,687851,198,41,133.22,Y,82,depth_fusion82_timing.csv,525.158444444,0,758.707131313,37.1446262626,0,721.450565657,0,116.388909091,82.1602222222,34.1551414141,1431.41121212,,82,0.030957
../benchmarks/depth_fusion83,1,1,0,0,64,0,2,0,1,1,1,2,0,1,1,61,31,54,33,3.84488E-005,999,15057,675667,198,41,137.13,Y,83,depth_fusion83_timing.csv,522.353353535,0,776.745737374,38.4891919192,0,738.139545455,0,116.42389899,84.8533939394,31.4921616162,1445.74838384,,83,0.031038
../benchmarks/depth_fusion84,1,1,0,0,64,0,2,0,1,1,2,1,0,0,1,62,32,55,33,4.14064E-005,999,15239,690128,195,41,137.4,Y,84,depth_fusion84_timing.csv,538.620585859,0,756.439848485,37.3621111111,0,718.968848485,0,117.589060606,83.1883131313,34.3268888889,1443.22383838,,84,0.030967
../benchmarks/depth_fusion85,1,1,0,0,64,0,2,0,1,1,2,1,0,1,1,62,32,55,33,3.41356E-005,999,15203,702188,197,41,137.06,Y,85,depth_fusion85_timing.csv,543.488484848,0,775.518212121,38.4968787879,0,736.901878788,0,115.143,80.5532424242,34.5112222222,1466.22333333,,85,0.030797
../benchmarks/depth_fusion86,1,1,0,0,64,0,2,0,1,1,2,2,0,0,1,61,32,57,33,4.13902E-005,999,15125,687339,198,41,133.38,Y,86,depth_fusion86_timing.csv,542.610575758,0,775.659464646,38.555020202,0,736.982161616,0,109.440464646,80.7523636364,28.6094646465,1459.72454545,,86,0.030873
../benchmarks/depth_fusion87,1,1,0,0,64,0,2,0,1,1,2,2,0,1,1,61,31,57,33,3.41222E-005,999,15106,699335,200,41,137.34,Y,87,depth_fusion87_timing.csv,538.212848485,0,756.823222222,37.2089292929,0,719.508323232,0,111.694030303,83.6821414141,27.9387878788,1437.2089899,,87,0.031038
../benchmarks/depth_fusion88,1,1,0,0,64,0,2,0,1,2,1,1,0,0,1,85,43,75,66,2.07577E-005,999,22606,951342,292,82,131.8,Y,88,depth_fusion88_timing.csv,538.112313131,0,757.553262626,37.2144747475,0,720.229727273,0,125.094666667,84.3651010101,40.6553131313,1451.17646465,,88,0.030967
../benchmarks/depth_fusion89,1,1,0,0,64,0,2,0,1,2,1,1,0,1,1,84,42,69,66,1.76604E-005,999,22537,914080,282,82,137.08,Y,89,depth_fusion89_timing.csv,526.090686869,0,758.444939394,37.2017878788,0,721.130848485,0,121.706767677,81.926010101,39.7053333333,1437.41151515,,89,0.030847
../benchmarks/depth_fusion90,1,1,0,0,64,0,2,0,1,2,1,2,0,0,1,85,43,75,66,2.03802E-005,999,22600,952206,294,82,133.17,Y,90,depth_fusion90_timing.csv,537.841818182,0,758.243050505,37.1992020202,0,720.935161616,0,120.388989899,85.5338686869,34.7814343434,1446.92323232,,90,0.031038
../benchmarks/depth_fusion91,1,1,0,0,64,0,2,0,1,2,1,2,0,1,1,84,42,69,66,1.73334E-005,999,22555,914944,284,82,136.91,Y,91,depth_fusion91_timing.csv,537.788323232,0,757.830030303,37.2067777778,0,720.515494949,0,118.309555556,84.011989899,34.2231111111,1444.3220202,,91,0.030967
../benchmarks/depth_fusion92,1,1,0,0,64,0,2,0,1,2,2,1,0,0,1,86,44,75,66,1.90189E-005,999,22691,954926,292,82,132.87,Y,92,depth_fusion92_timing.csv,525.994565657,0,757.472282828,37.1803131313,0,720.179737374,0,118.030505051,81.7867575758,36.1696868687,1432.64969697,,92,0.030873
../benchmarks/depth_fusion93,1,1,0,0,64,0,2,0,1,2,2,1,0,1,1,85,43,71,66,1.70063E-005,999,22696,917664,284,82,133.01,Y,93,depth_fusion93_timing.csv,540.756292929,0,776.406676768,38.5222828283,0,737.766434343,0,117.034232323,80.730030303,36.2264141414,1466.31646465,,93,0.031073
../benchmarks/depth_fusion94,1,1,0,0,64,0,2,0,1,2,2,2,0,0,1,86,44,75,66,1.86693E-005,999,22780,955918,294,82,133.1,Y,94,depth_fusion94_timing.csv,522.227080808,0,776.118434343,38.5256767677,0,737.478535354,0,114.82379798,84.2745959596,30.4721919192,1442.87252525,,94,0.031038
../benchmarks/depth_fusion95,1,1,0,0,64,0,2,0,1,2,2,2,0,1,1,85,43,71,66,1.66793E-005,999,22748,918656,286,82,132.2,Y,95,depth_fusion95_timing.csv,540.586686869,0,776.417030303,38.4428282828,0,737.854454545,0,111.729525253,80.7700909091,30.8810505051,1460.82777778,,95,0.031038
../benchmarks/depth_fusion96,1,1,0,0,64,0,2,0,2,1,1,1,0,0,1,76,39,72,59,4.11631E-005,999,20193,917817,278,74,137.11,Y,96,depth_fusion96_timing.csv,542.050494949,0,777.845030303,38.5350909091,0,739.188535354,0,120.17069697,80.7563434343,39.3333737374,1472.14191919,,96,0.030847
../benchmarks/depth_fusion97,1,1,0,0,64,0,2,0,2,1,1,1,0,1,1,74,37,68,59,3.67616E-005,999,19948,878879,267,74,136.91,Y,97,depth_fusion97_timing.csv,542.062828283,0,775.929343434,38.457959596,0,737.351070707,0,120.241929293,80.7215858586,39.4406060606,1470.28909091,,97,0.030873
../benchmarks/depth_fusion98,1,1,0,0,64,0,2,0,2,1,1,2,0,0,1,74,38,69,59,4.13902E-005,999,19849,820905,258,74,136.79,Y,98,depth_fusion98_timing.csv,538.143333333,0,756.931707071,37.1865555556,0,719.637050505,0,116.72210101,83.9105050505,32.7378484848,1442.03717172,,98,0.031038
../benchmarks/depth_fusion99,1,1,0,0,64,0,2,0,2,1,1,2,0,1,1,73,37,66,59,3.69657E-005,999,19740,790340,251,74,133.13,Y,99,depth_fusion99_timing.csv,521.983262626,0,775.95610101,38.4963434343,0,737.34730303,0,117.883535354,84.2824141414,33.5239292929,1445.4259596,,99,0.031038
../benchmarks/depth_fusion100,1,1,0,0,64,0,2,0,2,1,2,1,0,0,1,74,38,67,59,4.13902E-005,999,19961,820878,257,74,130.47,Y,100,depth_fusion100_timing.csv,540.94540404,0,776.835232323,38.444989899,0,738.244070707,0,115.955535354,80.9497878788,34.928989899,1465.81949495,,100,0.030957
../benchmarks/depth_fusion101,1,1,0,0,64,0,2,0,2,1,2,1,0,1,1,73,37,65,59,3.98092E-005,999,19857,790377,249,74,133.38,Y,101,depth_fusion101_timing.csv,525.290979798,0,757.396909091,37.1540505051,0,720.131353535,0,116.32610101,81.7394242424,34.5140909091,1430.16606061,,101,0.031013
../benchmarks/depth_fusion102,1,1,0,0,64,0,2,0,2,1,2,2,0,0,1,74,38,69,59,4.43466E-005,999,19900,820777,258,74,132.99,Y,102,depth_fusion102_timing.csv,540.599626263,0,776.168474747,38.4427575758,0,737.606222222,0,108.383424242,80.7317171717,27.5732424242,1457.25131313,,102,0.031038
../benchmarks/depth_fusion103,1,1,0,0,64,0,2,0,2,1,2,2,0,1,1,73,37,66,59,3.98092E-005,999,19801,790212,250,74,133.24,Y,103,depth_fusion103_timing.csv,541.392818182,0,776.468757576,38.5100606061,0,737.839444444,0,108.429040404,80.6733232323,27.6788787879,1458.30616162,,103,0.031071
../benchmarks/depth_fusion112,1,1,0,0,64,0,2,1,1,1,1,1,0,0,1,61,32,57,33,0.000176413,999,21138,1125697,224,41,121.53,Y,112,depth_fusion112_timing.csv,538.484979798,0,754.673353535,37.2759393939,0,717.286353535,0,2444.86,86.5835656566,2358.19412121,3768.83949495,,112,0.031058
../benchmarks/depth_fusion113,1,1,0,0,64,0,2,1,1,1,1,1,0,1,1,53,27,39,33,0.000152892,999,12961,670570,161,41,133.22,Y,113,depth_fusion113_timing.csv,541.181717172,0,777.281606061,38.5508484848,0,738.610787879,0,119.557060606,81.1474444444,38.3321313131,1470.02565657,,113,0.030978
../benchmarks/depth_fusion114,1,1,0,0,64,0,2,1,1,1,1,2,0,0,1,61,32,51,33,0.000177456,999,21049,868937,192,41,120.36,Y,114,depth_fusion114_timing.csv,537.114828283,0,754.531444444,37.2043232323,0,717.218353535,0,2453.84565657,86.0764343434,2367.68789899,3775.89515152,,114,0.03102
../benchmarks/depth_fusion115,1,1,0,0,64,0,2,1,1,1,1,2,0,1,1,52,26,39,33,0.000153795,999,12910,615844,156,41,135.53,Y,115,depth_fusion115_timing.csv,542.238252525,0,776.409353535,38.4525555556,0,737.838323232,0,111.944090909,80.7174242424,31.1481111111,1462.5920202,,115,0.03089
../benchmarks/depth_fusion116,1,1,0,0,64,0,2,1,1,1,2,1,0,0,1,62,33,50,33,0.000165626,999,21271,871193,191,41,121.05,Y,116,depth_fusion116_timing.csv,538.062636364,0,754.590080808,37.2480505051,0,717.231868687,0,2448.42656566,85.3651919192,2362.97874747,3771.4710101,,116,0.031058
../benchmarks/depth_fusion117,1,1,0,0,64,0,2,1,1,1,2,1,0,1,1,53,27,39,33,0.000136543,999,13042,633938,153,41,130.49,Y,117,depth_fusion117_timing.csv,541.368707071,0,775.931080808,38.5782828283,0,737.233252525,0,116.066555556,80.7098282828,35.2776969697,1465.4269697,,117,0.030978
../benchmarks/depth_fusion118,1,1,0,0,64,0,2,1,1,1,2,2,0,0,1,61,32,51,33,0.000165561,999,21148,868425,194,41,121.31,Y,118,depth_fusion118_timing.csv,542.039484848,0,775.552262626,38.0210606061,0,737.413989899,0,2428.1059596,80.944030303,2347.07824242,3777.82464646,,118,0.030983
../benchmarks/depth_fusion119,1,1,0,0,64,0,2,1,1,1,2,2,0,1,1,52,26,40,33,0.000136489,999,12919,631301,156,41,124.84,Y,119,depth_fusion119_timing.csv,521.50440404,0,776.232,38.5478888889,0,737.571787879,0,114.063929293,84.3856060606,29.6022626263,1441.44676768,,119,0.031074
../benchmarks/depth_fusion121,1,1,0,0,64,0,2,1,1,2,1,1,0,1,1,74,36,55,66,4.12134E-005,999,20636,876306,238,82,124.26,Y,121,depth_fusion121_timing.csv,538.082686869,0,756.479171717,37.183979798,0,719.188272727,0,126.047757576,83.6401414141,42.3353030303,1451.13212121,,121,0.031003
../benchmarks/depth_fusion123,1,1,0,0,64,0,2,1,1,2,1,2,0,1,1,74,36,55,66,3.03376E-005,999,20677,877170,240,82,128.15,Y,123,depth_fusion123_timing.csv,538.182161616,0,756.668050505,37.2157070707,0,719.342383838,0,119.947878788,84.3691616162,35.5045555556,1445.12313131,,123,0.031003
../benchmarks/depth_fusion125,1,1,0,0,64,0,2,1,1,2,2,1,0,1,1,76,37,57,66,2.97652E-005,999,20873,879890,240,82,123.07,Y,125,depth_fusion125_timing.csv,537.422707071,0,757.410232323,37.2223232323,0,720.08030303,0,121.775777778,83.9254444444,37.7769090909,1447.08212121,,125,0.031074
../benchmarks/depth_fusion127,1,1,0,0,64,0,2,1,1,2,2,2,0,1,1,76,37,57,66,2.33543E-005,999,20848,880882,242,82,123.96,Y,127,depth_fusion127_timing.csv,541.727121212,0,775.741737374,38.5187777778,0,737.103090909,0,112.488393939,80.7219090909,31.6882222222,1462.03707071,,127,0.030978
../benchmarks/depth_fusion129,1,1,0,0,64,0,2,1,2,1,1,1,0,1,1,66,33,48,66,0.000147047,999,19046,786482,216,82,105.16,Y,129,depth_fusion129_timing.csv,526.244383838,0,757.789050505,37.1598585859,0,720.517525253,0,129.503676768,81.8542929293,47.5735151515,1444.75171717,,129,0.03089
../benchmarks/depth_fusion131,1,1,0,0,64,0,2,1,2,1,1,2,0,1,1,66,32,48,66,0.000147863,999,18961,735182,211,82,103.05,Y,131,depth_fusion131_timing.csv,541.317232323,0,776.244212121,38.3995555556,0,737.725050505,0,120.347585859,80.757959596,39.5113434343,1469.94747475,,131,0.03103
../benchmarks/depth_fusion133,1,1,0,0,64,0,2,1,2,1,2,1,0,1,1,66,33,47,66,0.000159237,999,19087,735007,210,82,108.76,Y,133,depth_fusion133_timing.csv,541.814838384,0,775.630424242,38.4678181818,0,737.043626263,0,119.994585859,80.6788888889,39.2391717172,1469.57444444,,133,0.030978
../benchmarks/depth_fusion135,1,1,0,0,64,0,2,1,2,1,2,2,0,1,1,66,32,48,66,0.000159237,999,19014,735054,211,82,104.18,Y,135,depth_fusion135_timing.csv,536.382161616,0,759.025363636,37.2655454545,0,721.650585859,0,116.217363636,84.1998484848,31.9425050505,1442.0469697,,135,0.031023
../benchmarks/depth_fusion144,1,1,0,0,64,1,0,0,1,1,1,1,0,0,1,55,28,56,31,4.76837E-005,999,15265,1148237,241,39,133.17,Y,144,depth_fusion144_timing.csv,537.756919192,0,754.521353535,37.2103232323,0,717.201121212,0,4943.92090909,85.9163434343,4857.92292929,6266.72424242,,144,0.031038
../benchmarks/depth_fusion145,1,1,0,0,64,1,0,0,1,1,1,1,0,1,1,57,29,63,31,4.76837E-005,999,15391,1172186,246,39,133.44,Y,145,depth_fusion145_timing.csv,537.832434343,0,754.51910101,37.211969697,0,717.196545455,0,4890.89525253,86.7513434343,4804.06141414,6213.6769697,,145,0.031038
../benchmarks/depth_fusion152,1,1,0,0,64,1,0,0,2,1,1,1,0,0,1,68,35,69,55,4.76837E-005,999,20269,1428096,307,70,132.24,Y,152,depth_fusion152_timing.csv,521.858070707,0,773.118777778,38.4455858586,0,734.560555556,0,2650.70313131,85.3718888889,2565.24730303,3975.2530303,,152,0.031038
../benchmarks/depth_fusion153,1,1,0,0,64,1,0,0,2,1,1,1,0,1,1,70,36,76,55,4.14848E-005,999,20138,1376229,304,70,137,Y,153,depth_fusion153_timing.csv,537.359585859,0,753.75479798,37.1906060606,0,716.454020202,0,2546.84424242,85.7712424242,2460.99124242,3868.34232323,,153,0.031087
../benchmarks/depth_fusion160,1,1,0,0,64,1,0,1,1,1,1,1,0,0,1,53,28,37,31,0.000190735,999,19303,630480,157,39,119.33,Y,160,depth_fusion160_timing.csv,541.337585859,0,775.002252525,38.038030303,0,736.846747475,0,2432.20323232,80.687010101,2351.43039394,3780.6530303,,160,0.030999
../benchmarks/depth_fusion161,1,1,0,0,64,1,0,1,1,1,1,1,0,1,1,51,26,52,31,0.000190735,999,13751,1024052,198,39,132.78,Y,161,depth_fusion161_timing.csv,536.824323232,0,755.403565657,37.2287272727,0,718.063676768,0,4687.00787879,86.171030303,4600.75393939,6009.67010101,,161,0.03108
../benchmarks/depth_fusion165,1,1,0,0,64,1,0,1,1,2,1,1,0,1,1,73,36,61,63,0.000190735,999,23379,1580400,310,78,137.11,Y,165,depth_fusion165_timing.csv,537.632,0,754.263525253,37.2055858586,0,716.948717172,0,4749.70727273,84.9613939394,4664.66383838,6071.9020202,,165,0.031003
../benchmarks/depth_fusion169,1,1,0,0,64,1,0,1,2,1,1,1,0,1,1,67,35,62,63,0.000165838,999,18288,718993,206,78,102.9,Y,169,depth_fusion169_timing.csv,540.116131313,0,776.642323232,38.4992323232,0,738.023848485,0,100.835555556,80.7169191919,20.041010101,1449.66010101,,169,0.03108
../benchmarks/depth_fusion176,1,1,0,0,64,1,1,0,1,1,1,1,0,0,1,62,33,47,31,4.59867E-005,999,22101,679318,189,39,132.99,Y,176,depth_fusion176_timing.csv,537.417363636,0,755.731818182,37.2472222222,0,718.375888889,0,1285.81468687,85.0144141414,1200.72028283,2609.34909091,,176,0.030967
../benchmarks/depth_fusion177,1,1,0,0,64,1,1,0,1,1,1,1,0,1,1,59,30,53,31,3.97619E-005,999,14657,628274,188,39,136.68,Y,177,depth_fusion177_timing.csv,540.868989899,0,777.523555556,37.9906666667,0,739.414363636,0,857.613434343,81.0380505051,776.490868687,2208.04383838,,177,0.030957
../benchmarks/depth_fusion180,1,1,0,0,64,1,1,0,1,1,1,2,0,0,1,62,33,50,31,4.28206E-005,999,22263,678382,193,39,132.99,Y,180,depth_fusion180_timing.csv,540.69259596,0,776.650606061,37.9556060606,0,738.578989899,0,1274.72220202,80.6852525253,1193.95234343,2624.21525253,,180,0.031038
../benchmarks/depth_fusion184,1,1,0,0,64,1,1,0,1,1,2,1,0,0,1,63,33,49,31,4.28206E-005,999,22304,678614,192,39,129.91,Y,184,depth_fusion184_timing.csv,541.043646465,0,775.424232323,38.0766666667,0,737.230333333,0,1290.20483838,80.7485555556,1209.37282828,2638.82525253,,184,0.031038
../benchmarks/depth_fusion185,1,1,0,0,64,1,1,0,1,1,2,1,0,1,1,59,30,55,31,3.65315E-005,999,14780,629454,191,39,137.04,Y,185,depth_fusion185_timing.csv,523.088111111,0,774.772636364,38.5277777778,0,736.130787879,0,852.93869697,82.6765151515,770.181757576,2180.5779798,,185,0.031038
../benchmarks/depth_fusion188,1,1,0,0,64,1,1,0,1,1,2,2,0,0,1,62,33,50,31,4.28206E-005,999,22278,677870,193,39,132.8,Y,188,depth_fusion188_timing.csv,538.199161616,0,755.254070707,37.2143737374,0,717.928626263,0,1274.40783838,85.2582424242,1189.06867677,2598.18757576,,188,0.031038
../benchmarks/depth_fusion189,1,1,0,0,64,1,1,0,1,1,2,2,0,1,1,59,30,56,31,3.65315E-005,999,14689,628843,192,39,133.1,Y,189,depth_fusion189_timing.csv,540.072676768,0,770.253141414,37.9026767677,0,732.234181818,0,864.622222222,81.0006666667,783.539020202,2206.6469697,,189,0.031038
../benchmarks/depth_fusion193,1,1,0,0,64,1,1,0,1,2,1,1,0,1,1,83,41,75,63,0.000017997,999,22535,969040,303,78,131.82,Y,193,depth_fusion193_timing.csv,522.912484848,0,774.639131313,38.4799292929,0,736.046121212,0,925.429242424,82.7979090909,842.549313131,2252.70262626,,193,0.031079
../benchmarks/depth_fusion197,1,1,0,0,64,1,1,0,1,2,1,2,0,1,1,83,41,75,63,1.76698E-005,999,22593,969898,305,78,136.98,Y,197,depth_fusion197_timing.csv,522.906444444,0,773.999545455,38.5278787879,0,735.356606061,0,889.704777778,82.9425555556,806.679969697,2216.32646465,,197,0.031038
../benchmarks/depth_fusion201,1,1,0,0,64,1,1,0,1,2,2,1,0,1,1,83,42,75,63,1.76673E-005,999,22736,972624,305,78,131.5,Y,201,depth_fusion201_timing.csv,523.361808081,0,774.929777778,38.5273636364,0,736.290474747,0,922.022575758,81.8878484848,840.052737374,2250.13787879,,201,0.031073
../benchmarks/depth_fusion205,1,1,0,0,64,1,1,0,1,2,2,2,0,1,1,83,42,75,63,1.73425E-005,999,22758,973610,307,78,133.38,Y,205,depth_fusion205_timing.csv,542.104747475,0,776.476858586,37.9961212121,0,738.362949495,0,905.183707071,80.7544444444,824.345949495,2255.76525253,,205,0.030873
../benchmarks/depth_fusion209,1,1,0,0,64,1,1,0,2,1,1,1,0,1,1,71,36,63,55,3.95758E-005,999,19340,743110,243,70,136.89,Y,209,depth_fusion209_timing.csv,538.07779798,0,758.650363636,37.295030303,0,721.246131313,0,589.265454545,86.5872222222,502.59989899,1916.36252525,,209,0.030919
../benchmarks/depth_fusion213,1,1,0,0,64,1,1,0,2,1,1,2,0,1,1,71,36,66,55,3.95758E-005,999,19232,744075,246,70,132.97,Y,213,depth_fusion213_timing.csv,537.435050505,0,757.177505051,37.2036060606,0,719.866010101,0,596.271989899,86.7919292929,509.403545455,1921.37333333,,213,0.031069
../benchmarks/depth_fusion217,1,1,0,0,64,1,1,0,2,1,2,1,0,1,1,71,36,64,55,4.26201E-005,999,19324,744174,245,70,136.38,Y,217,depth_fusion217_timing.csv,523.150353535,0,775.23379798,38.5384242424,0,736.583646465,0,582.314,82.6146060606,499.618373737,1910.62666667,,217,0.031038
../benchmarks/depth_fusion221,1,1,0,0,64,1,1,0,2,1,2,2,0,1,1,71,36,66,55,4.26201E-005,999,19247,743947,246,70,133.04,Y,221,depth_fusion221_timing.csv,525.565424242,0,757.272484848,37.390959596,0,719.769676768,0,588.440393939,84.4879292929,503.875474747,1902.40515152,,221,0.031087
../benchmarks/depth_fusion240,1,1,0,0,64,1,1,1,1,1,1,1,0,0,1,60,32,50,31,0.000177526,999,20345,924218,196,39,113.81,Y,240,depth_fusion240_timing.csv,537.679161616,0,754.24559596,37.1864040404,0,716.948707071,0,2561.8430303,85.8156767677,2475.94485859,3884.1610101,,240,0.030989
../benchmarks/depth_fusion241,1,1,0,0,64,1,1,1,1,1,1,1,0,1,1,53,27,42,31,0.000159048,999,12681,593184,149,39,120.84,Y,241,depth_fusion241_timing.csv,541.836909091,0,776.747232323,38.0597272727,0,738.569949495,0,730.671565657,80.6822020202,649.907323232,2081.29878788,,241,0.030978
../benchmarks/depth_fusion244,1,1,0,0,64,1,1,1,1,1,1,2,0,0,1,60,32,44,31,0.000171282,999,20407,670953,167,39,126.53,Y,244,depth_fusion244_timing.csv,538.627838384,0,754.376767677,37.2567777778,0,717.008989899,0,2317.74979798,86.1155959596,2231.55232323,3641.44636364,,244,0.031058
../benchmarks/depth_fusion245,1,1,0,0,64,1,1,1,1,1,1,2,0,1,1,53,26,44,31,0.000159048,999,12640,592661,150,39,128.76,Y,245,depth_fusion245_timing.csv,540.022626263,0,756.48330303,37.2738282828,0,719.101323232,0,689.451626263,85.4585353535,603.915555556,2016.29393939,,245,0.03089
../benchmarks/depth_fusion248,1,1,0,0,64,1,1,1,1,1,2,1,0,0,1,60,32,43,31,0.000171282,999,20463,671097,166,39,117.85,Y,248,depth_fusion248_timing.csv,538.970333333,0,753.566323232,37.3360505051,0,716.120181818,0,2477.82565657,83.6815050505,2394.06287879,3800.81656566,,248,0.030983
../benchmarks/depth_fusion249,1,1,0,0,64,1,1,1,1,1,2,1,0,1,1,53,27,43,31,0.000146126,999,12783,592672,152,39,130.85,Y,249,depth_fusion249_timing.csv,536.652191919,0,757.615020202,37.3214646465,0,720.184070707,0,683.347525253,85.824010101,597.444545455,2008.03777778,,249,0.031023
../benchmarks/depth_fusion252,1,1,0,0,64,1,1,1,1,1,2,2,0,0,1,60,32,44,31,0.000171282,999,20432,670441,167,39,122.97,Y,252,depth_fusion252_timing.csv,538.469232323,0,754.49530303,37.2568888889,0,717.129060606,0,2375.01121212,85.4218585859,2289.50760606,3698.53727273,,252,0.031058
../benchmarks/depth_fusion253,1,1,0,0,64,1,1,1,1,1,2,2,0,1,1,53,27,45,31,0.000146126,999,12735,592149,153,39,125.81,Y,253,depth_fusion253_timing.csv,522.77359596,0,775.921727273,38.5355050505,0,737.272090909,0,697.136707071,83.4872222222,613.568555556,2025.53262626,,253,0.030978
../benchmarks/depth_fusion257,1,1,0,0,64,1,1,1,1,2,1,1,0,1,1,73,36,57,63,4.19929E-005,999,20649,896031,244,78,137.41,Y,257,depth_fusion257_timing.csv,536.682060606,0,756.237666667,37.2437878788,0,718.885020202,0,684.39789899,84.6584747475,599.660959596,2007.73282828,,257,0.031123
../benchmarks/depth_fusion261,1,1,0,0,64,1,1,1,1,2,1,2,0,1,1,73,36,57,63,4.12294E-005,999,20676,896889,246,78,133.86,Y,261,depth_fusion261_timing.csv,525.669,0,758.476080808,37.3913131313,0,720.973141414,0,694.90120202,84.589030303,610.232484848,2010.16727273,,261,0.03108
../benchmarks/depth_fusion265,1,1,0,0,64,1,1,1,1,2,2,1,0,1,1,74,36,58,63,3.09221E-005,999,20878,899615,246,78,127.89,Y,265,depth_fusion265_timing.csv,540.590181818,0,778.036040404,38.1047474747,0,739.813545455,0,721.25040404,80.912969697,640.254353535,2071.97646465,,265,0.030978
../benchmarks/depth_fusion269,1,1,0,0,64,1,1,1,1,2,2,2,0,1,1,74,36,58,63,3.03494E-005,999,20854,900601,248,78,134.31,Y,269,depth_fusion269_timing.csv,540.178292929,0,756.377252525,37.2701212121,0,718.998141414,0,689.360848485,85.3023838384,603.980717172,2016.3420202,,269,0.03089
../benchmarks/depth_fusion277,1,1,0,0,64,1,1,1,2,1,1,2,0,1,1,67,34,53,63,0.000158303,999,18391,696404,201,78,109.66,Y,277,depth_fusion277_timing.csv,522.571060606,0,775.829525253,38.6237070707,0,737.093222222,0,120.146545455,84.6910808081,35.3769090909,1448.14868687,,277,0.03103
../benchmarks/depth_fusion281,1,1,0,0,64,1,1,1,2,1,2,1,0,1,1,67,34,51,63,0.00017048,999,18465,696354,200,78,105.38,Y,281,depth_fusion281_timing.csv,540.15240404,0,776.905919192,38.5135353535,0,738.274373737,0,119.895232323,80.7394646465,39.0757171717,1469.10090909,,281,0.031003
../benchmarks/depth_fusion285,1,1,0,0,64,1,1,1,2,1,2,2,0,1,1,67,34,53,63,0.00017048,999,18399,696276,201,78,106.02,Y,285,depth_fusion285_timing.csv,521.700989899,0,775.042252525,38.4936565657,0,736.436717172,0,114.847,84.4508181818,30.3180808081,1441.09232323,,285,0.031003
../benchmarks/depth_fusion304,1,1,0,0,64,1,2,0,1,1,1,1,0,0,1,62,32,59,31,4.41033E-005,999,14854,778975,217,39,133.28,Y,304,depth_fusion304_timing.csv,537.612242424,0,755.186323232,37.3653131313,0,717.712050505,0,123.203414141,82.2665858586,40.8615151515,1446.79292929,,304,0.031087
../benchmarks/depth_fusion305,1,1,0,0,64,1,2,0,1,1,1,1,0,1,1,62,32,55,31,3.82229E-005,999,14869,767331,216,39,137.4,Y,305,depth_fusion305_timing.csv,537.720616162,0,757.172565657,37.2243434343,0,719.839555556,0,122.176535354,84.1331515152,37.9689393939,1447.48767677,,305,0.031038
../benchmarks/depth_fusion308,1,1,0,0,64,1,2,0,1,1,1,2,0,0,1,60,31,56,31,0.000044364,999,14568,687524,197,39,137.02,Y,308,depth_fusion308_timing.csv,541.449666667,0,777.517989899,38.4965757576,0,738.902656566,0,114.364242424,80.9848585859,33.3023636364,1465.34010101,,308,0.030957
../benchmarks/depth_fusion309,1,1,0,0,64,1,2,0,1,1,1,2,0,1,1,60,31,54,31,3.84488E-005,999,14615,675403,197,39,137.19,Y,309,depth_fusion309_timing.csv,540.693767677,0,776.578949495,38.5003434343,0,737.95969697,0,112.208727273,80.7628181818,31.3696565657,1461.53020202,,309,0.030967
../benchmarks/depth_fusion312,1,1,0,0,64,1,2,0,1,1,2,1,0,0,1,61,32,55,31,4.14064E-005,999,14795,689798,194,39,137.24,Y,312,depth_fusion312_timing.csv,542.599888889,0,777.887040404,38.5513939394,0,739.216444444,0,114.993777778,80.524030303,34.3913131313,1467.64909091,,312,0.030847
../benchmarks/depth_fusion313,1,1,0,0,64,1,2,0,1,1,2,1,0,1,1,61,31,55,31,3.41356E-005,999,14760,701921,196,39,136.94,Y,313,depth_fusion313_timing.csv,540.941676768,0,775.875818182,38.491969697,0,737.263232323,0,115.387444444,80.7845252525,34.525030303,1464.20808081,,313,0.030967
../benchmarks/depth_fusion316,1,1,0,0,64,1,2,0,1,1,2,2,0,0,1,61,31,57,31,4.13902E-005,999,14684,687012,197,39,131.14,Y,316,depth_fusion316_timing.csv,526.524737374,0,757.942131313,37.194989899,0,720.635555556,0,110.79430303,81.7845353535,28.9363434343,1426.42474747,,316,0.030784
../benchmarks/depth_fusion317,1,1,0,0,64,1,2,0,1,1,2,2,0,1,1,60,31,57,31,3.41222E-005,999,14642,699071,199,39,133.08,Y,317,depth_fusion317_timing.csv,541.234454545,0,777.074414141,38.4127272727,0,738.541292929,0,109.862666667,81.118,28.6666565657,1460.24969697,,317,0.030957
../benchmarks/depth_fusion320,1,1,0,0,64,1,2,0,1,2,1,1,0,0,1,84,43,75,63,2.07577E-005,999,22076,951030,291,78,137.23,Y,320,depth_fusion320_timing.csv,541.11369697,0,776.828030303,38.4492525253,0,738.256868687,0,120.012808081,80.7045555556,39.2289292929,1470.0530303,,320,0.031071
../benchmarks/depth_fusion321,1,1,0,0,64,1,2,0,1,2,1,1,0,1,1,82,41,68,63,1.76604E-005,999,21918,912029,281,78,133.24,Y,321,depth_fusion321_timing.csv,540.870959596,0,776.032989899,38.4853232323,0,737.428020202,0,121.289878788,80.7309292929,40.4810606061,1470.26434343,,321,0.031079
../benchmarks/depth_fusion324,1,1,0,0,64,1,2,0,1,2,1,2,0,0,1,84,43,75,63,2.03802E-005,999,22128,951894,293,78,136.83,Y,324,depth_fusion324_timing.csv,523.916878788,0,776.919373737,38.5674848485,0,738.239010101,0,115.684171717,81.6677171717,33.940040404,1446.43131313,,324,0.030967
../benchmarks/depth_fusion325,1,1,0,0,64,1,2,0,1,2,1,2,0,1,1,82,42,68,63,1.73334E-005,999,21967,912893,283,78,130.41,Y,325,depth_fusion325_timing.csv,538.450939394,0,756.908141414,37.2008686869,0,719.596555556,0,119.992929293,84.2418989899,35.6766262626,1445.71,,325,0.031038
../benchmarks/depth_fusion328,1,1,0,0,64,1,2,0,1,2,2,1,0,0,1,85,43,75,63,1.90189E-005,999,22184,954614,291,78,133.13,Y,328,depth_fusion328_timing.csv,526.97740404,0,756.497818182,37.1316666667,0,719.254313131,0,118.02379798,81.9944545455,35.9557171717,1433.04070707,,328,0.030797
../benchmarks/depth_fusion329,1,1,0,0,64,1,2,0,1,2,2,1,0,1,1,84,42,70,63,1.70063E-005,999,22119,915613,283,78,133.01,Y,329,depth_fusion329_timing.csv,542.727888889,0,777.221919192,38.4467171717,0,738.654262626,0,117.183646465,80.9655353535,36.1392424242,1469.17353535,,329,0.030957
../benchmarks/depth_fusion332,1,1,0,0,64,1,2,0,1,2,2,2,0,0,1,85,43,75,63,1.86693E-005,999,22207,955606,293,78,132.99,Y,332,depth_fusion332_timing.csv,526.958888889,0,756.591424242,37.1598585859,0,719.320161616,0,111.924666667,81.6091818182,30.2394444444,1426.62818182,,332,0.030797
../benchmarks/depth_fusion333,1,1,0,0,64,1,2,0,1,2,2,2,0,1,1,84,42,70,63,1.66793E-005,999,22167,916605,285,78,130.03,Y,333,depth_fusion333_timing.csv,523.355818182,0,769.335767677,38.1404444444,0,731.083030303,0,115.868050505,84.6578585859,31.1333737374,1438.88212121,,333,0.031079
../benchmarks/depth_fusion336,1,1,0,0,64,1,2,0,2,1,1,1,0,0,1,75,38,72,55,4.11631E-005,999,19577,917370,276,70,132.9,Y,336,depth_fusion336_timing.csv,542.188414141,0,778.158,38.6092626263,0,739.421565657,0,121.402505051,81.1163636364,40.2008787879,1473.88434343,,336,0.031071
../benchmarks/depth_fusion337,1,1,0,0,64,1,2,0,2,1,1,1,0,1,1,73,37,68,55,3.67616E-005,999,19356,877769,266,70,136.87,Y,337,depth_fusion337_timing.csv,531.795040404,0,768.802474747,37.6343434343,0,731.043494949,0,123.589919192,84.1579393939,39.3501616162,1456.06414141,,337,0.030957
../benchmarks/depth_fusion340,1,1,0,0,64,1,2,0,2,1,1,2,0,0,1,73,37,69,55,4.13902E-005,999,19355,820464,256,70,136.66,Y,340,depth_fusion340_timing.csv,527.515414141,0,760.429494949,37.2331717172,0,723.078414141,0,114.991626263,82.1565151515,32.7584747475,1434.89525253,,340,0.031038
../benchmarks/depth_fusion341,1,1,0,0,64,1,2,0,2,1,1,2,0,1,1,72,36,65,55,3.69657E-005,999,19156,789236,251,70,136.83,Y,341,depth_fusion341_timing.csv,537.594505051,0,761.922989899,37.3420707071,0,724.464282828,0,118.540474747,85.4527676768,33.0091717172,1450.16030303,,341,0.030847
../benchmarks/depth_fusion344,1,1,0,0,64,1,2,0,2,1,2,1,0,0,1,74,37,67,55,4.13902E-005,999,19464,820434,255,70,132.94,Y,344,depth_fusion344_timing.csv,542.111494949,0,778.581161616,38.6348888889,0,739.820020202,0,115.341282828,80.7421616162,34.5185858586,1468.15858586,,344,0.031038
../benchmarks/depth_fusion345,1,1,0,0,64,1,2,0,2,1,2,1,0,1,1,72,36,64,55,3.98092E-005,999,19307,789270,249,70,132.97,Y,345,depth_fusion345_timing.csv,538.122989899,0,767.201909091,37.9292424242,0,729.151848485,0,116.838181818,82.1555656566,34.6038080808,1454.41737374,,345,0.030967
../benchmarks/depth_fusion348,1,1,0,0,64,1,2,0,2,1,2,2,0,0,1,73,37,69,55,4.43466E-005,999,19379,820336,256,70,137.24,Y,348,depth_fusion348_timing.csv,542.898050505,0,779.651636364,38.5285555556,0,740.996030303,0,108.242777778,81.177,26.9851818182,1462.79727273,,348,0.030957
../benchmarks/depth_fusion349,1,1,0,0,64,1,2,0,2,1,2,2,0,1,1,72,36,65,55,3.98092E-005,999,19248,789108,250,70,132.78,Y,349,depth_fusion349_timing.csv,536.621131313,0,783.722838384,38.3827272727,0,745.216656566,0,114.165161616,86.2823939394,27.8052929293,1466.4440404,,349,0.030847
../benchmarks/depth_fusion368,1,1,0,0,64,1,2,1,1,1,1,1,0,0,1,60,32,57,31,0.000176413,999,20525,1125473,223,39,119.71,Y,368,depth_fusion368_timing.csv,542.876282828,0,773.273969697,38.2057474747,0,734.944030303,0,2442.42838384,82.9448585859,2359.38432323,3790.57434343,,368,0.030922
../benchmarks/depth_fusion369,1,1,0,0,64,1,2,1,1,1,1,1,0,1,1,52,26,41,31,0.000152892,999,12587,676778,162,39,117.43,Y,369,depth_fusion369_timing.csv,541.982555556,0,778.415565657,38.4816060606,0,739.807555556,0,125.918666667,82.7357272727,43.101030303,1478.51494949,,369,0.031003
../benchmarks/depth_fusion372,1,1,0,0,64,1,2,1,1,1,1,2,0,0,1,60,32,50,31,0.000177456,999,20323,869289,189,39,123.94,Y,372,depth_fusion372_timing.csv,545.271838384,0,757.77979798,37.2802828283,0,720.379262626,0,2360.66787879,86.7782424242,2273.79369697,3696.63343434,,372,0.030922
../benchmarks/depth_fusion373,1,1,0,0,64,1,2,1,1,1,1,2,0,1,1,52,26,39,31,0.000153795,999,12438,619828,154,39,125.06,Y,373,depth_fusion373_timing.csv,541.317141414,0,777.977565657,38.5263232323,0,739.323818182,0,114.572050505,81.0882121212,33.401040404,1465.88909091,,373,0.031003
../benchmarks/depth_fusion376,1,1,0,0,64,1,2,1,1,1,2,1,0,0,1,61,32,50,31,0.000165626,999,20600,871545,188,39,119.04,Y,376,depth_fusion376_timing.csv,542.491525253,0,763.361353535,37.6076262626,0,725.632848485,0,2459.99858586,87.2436262626,2372.65686869,3799.1720202,,376,0.031058
../benchmarks/depth_fusion377,1,1,0,0,64,1,2,1,1,1,2,1,0,1,1,52,26,39,31,0.000136543,999,12622,637947,153,39,133.19,Y,377,depth_fusion377_timing.csv,541.682777778,0,777.788686869,38.6288484848,0,739.031080808,0,115.570131313,80.8692222222,34.6190808081,1467.33333333,,377,0.031003
../benchmarks/depth_fusion380,1,1,0,0,64,1,2,1,1,1,2,2,0,0,1,60,32,51,31,0.000165561,999,20511,868777,191,39,119.7,Y,380,depth_fusion380_timing.csv,540.820575758,0,759.14920202,37.3843838384,0,721.64559596,0,2439.89919192,88.4955656566,2351.30743434,3772.81757576,,380,0.031058
../benchmarks/depth_fusion381,1,1,0,0,64,1,2,1,1,1,2,2,0,1,1,52,26,41,31,0.000136489,999,12506,635310,156,39,133.58,Y,381,depth_fusion381_timing.csv,541.948191919,0,779.618454545,38.633040404,0,740.857868687,0,109.092191919,81.1796060606,27.8301818182,1462.6520202,,381,0.030978
../benchmarks/depth_fusion385,1,1,0,0,64,1,2,1,1,2,1,1,0,1,1,73,36,55,63,4.12134E-005,999,20101,875187,234,78,129.68,Y,385,depth_fusion385_timing.csv,542.143030303,0,780.714292929,38.5488181818,0,742.037252525,0,121.934484848,81.0879393939,40.7648585859,1476.89717172,,385,0.030978
../benchmarks/depth_fusion389,1,1,0,0,64,1,2,1,1,2,1,2,0,1,1,73,36,55,63,3.03376E-005,999,20088,876051,236,78,126.98,Y,389,depth_fusion389_timing.csv,541.96020202,0,778.678373737,38.6396969697,0,739.913292929,0,116.940484848,81.1104949495,35.748,1469.59858586,,389,0.030978
../benchmarks/depth_fusion393,1,1,0,0,64,1,2,1,1,2,2,1,0,1,1,75,37,56,63,2.97652E-005,999,20298,878771,236,78,135.37,Y,393,depth_fusion393_timing.csv,541.848434343,0,779.736030303,38.5798282828,0,741.003282828,0,116.193787879,81.1885959596,34.9241818182,1469.89353535,,393,0.030978
../benchmarks/depth_fusion397,1,1,0,0,64,1,2,1,1,2,2,2,0,1,1,75,37,56,63,2.33543E-005,999,20294,879763,238,78,126.03,Y,397,depth_fusion397_timing.csv,530.544393939,0,781.584363636,38.4520707071,0,743.006606061,0,118.174676768,86.9073131313,31.1860606061,1460.87131313,,397,0.03089
../benchmarks/depth_fusion401,1,1,0,0,64,1,2,1,2,1,1,1,0,1,1,66,32,48,63,0.000147047,999,18501,785223,212,78,101.91,Y,401,depth_fusion401_timing.csv,540.892828283,0,776.70130303,38.5476161616,0,738.026262626,0,129.682474747,80.8683434343,48.7332929293,1479.28636364,,401,0.030972
../benchmarks/depth_fusion405,1,1,0,0,64,1,2,1,2,1,1,2,0,1,1,65,32,48,63,0.000147863,999,18458,733916,208,78,107.81,Y,405,depth_fusion405_timing.csv,542.347353535,0,778.594858586,38.5671111111,0,739.901525253,0,119.390909091,81.1711616162,38.1392828283,1472.31333333,,405,0.030978
../benchmarks/depth_fusion409,1,1,0,0,64,1,2,1,2,1,2,1,0,1,1,65,32,47,63,0.000159237,999,18548,733738,207,78,107.65,Y,409,depth_fusion409_timing.csv,542.284878788,0,779.966050505,38.5175757576,0,741.321848485,0,120.833040404,81.1458080808,39.6053030303,1475.09949495,,409,0.030978
../benchmarks/depth_fusion413,1,1,0,0,64,1,2,1,2,1,2,2,0,1,1,65,32,48,63,0.000159237,999,18482,733788,208,78,108.15,Y,413,depth_fusion413_timing.csv,541.691222222,0,777.381505051,38.2742323232,0,738.982909091,0,113.084515152,82.0007777778,31.0028888889,1463.99282828,,413,0.030978
../benchmarks/depth_fusion432,1,1,0,1,64,0,0,0,1,1,1,1,0,0,1,51,25,39,33,0.195312,999,13185,853628,170,41,134.42,Y,432,depth_fusion432_timing.csv,541.872909091,0,763.894888889,37.6731212121,0,726.102373737,0,133.71410101,85.0190808081,48.6145252525,1471.12090909,,432,0.030978
../benchmarks/depth_fusion433,1,1,0,1,64,0,0,0,1,1,1,1,0,1,1,52,25,40,33,0.195312,999,13298,950336,183,41,133.51,Y,433,depth_fusion433_timing.csv,541.468393939,0,778.535858586,38.5447676768,0,739.863838384,0,123.212666667,81.2178383838,41.9113737374,1475.22787879,,433,0.030978
../benchmarks/depth_fusion434,1,1,0,1,64,0,0,0,2,1,1,1,0,0,1,69,34,59,59,0.195312,999,19690,1420102,296,74,132.83,Y,434,depth_fusion434_timing.csv,526.372262626,0,759.868717172,37.2357878788,0,722.513131313,0,130.392393939,82.4179191919,47.8982828283,1447.77656566,,434,0.030978
../benchmarks/depth_fusion435,1,1,0,1,64,0,0,0,2,1,1,1,0,1,1,71,35,59,59,0.195312,999,20135,1508886,308,74,136.93,Y,435,depth_fusion435_timing.csv,541.580555556,0,778.396232323,38.7106969697,0,739.560080808,0,122.102565657,80.8695757576,41.151979798,1474.13222222,,435,0.03108
../benchmarks/depth_fusion436,1,1,0,1,64,0,0,1,1,1,1,1,0,0,1,55,26,46,33,0.195312,999,13567,881180,191,41,133.58,Y,436,depth_fusion436_timing.csv,525.928757576,0,759.058616162,37.2875151515,0,721.653,0,130.613050505,82.2992222222,48.2358282828,1446.69474747,,436,0.030978
../benchmarks/depth_fusion437,1,1,0,1,64,0,0,1,1,1,1,1,0,1,1,52,25,40,33,0.195312,999,12977,921340,184,41,134.47,Y,437,depth_fusion437_timing.csv,540.211070707,0,781.302434343,38.4811111111,0,742.69340404,0,122.77820202,80.7683838384,41.9288484848,1476.3720202,,437,0.031074
../benchmarks/depth_fusion438,1,1,0,1,64,0,0,1,2,1,1,1,0,0,1,76,36,65,66,0.181628,999,22216,1435898,349,82,130.65,Y,438,depth_fusion438_timing.csv,531.000989899,0,775.275232323,37.9727070707,0,737.180121212,0,116.167333333,81.9822424242,34.1057474747,1453.66919192,,438,0.031074
../benchmarks/depth_fusion439,1,1,0,1,64,0,0,1,2,1,1,1,0,1,1,67,33,49,66,0.169829,999,19194,1017751,240,82,135.22,Y,439,depth_fusion439_timing.csv,541.128212121,0,778.957525253,38.562020202,0,740.269242424,0,111.107353535,80.7491717172,30.2754949495,1463.30787879,,439,0.031074
../benchmarks/depth_fusion504,1,1,0,1,64,1,0,0,1,1,1,1,0,0,1,50,24,39,31,0.195312,999,12756,853493,170,39,136.96,Y,504,depth_fusion504_timing.csv,541.198232323,0,777.006878788,38.5333636364,0,738.347030303,0,129.611949495,80.9448383838,48.5839090909,1479.83232323,,504,0.031003
../benchmarks/depth_fusion505,1,1,0,1,64,1,0,0,1,1,1,1,0,1,1,51,25,40,31,0.195312,999,12849,950189,182,39,135.06,Y,505,depth_fusion505_timing.csv,542.997292929,0,778.825636364,38.5946060606,0,740.105343434,0,122.920272727,80.969040404,41.8690606061,1476.84090909,,505,0.030978
../benchmarks/depth_fusion508,1,1,0,1,64,1,0,0,2,1,1,1,0,0,1,68,33,57,55,0.195312,999,19077,1324306,279,70,128.94,Y,508,depth_fusion508_timing.csv,530.027818182,0,759.043292929,37.2644949495,0,721.659909091,0,131.730808081,83.8282020202,47.8237878788,1452.63222222,,508,0.03089
../benchmarks/depth_fusion509,1,1,0,1,64,1,0,0,2,1,1,1,0,1,1,70,34,58,55,0.195312,999,19370,1493298,300,70,133.04,Y,509,depth_fusion509_timing.csv,541.627737374,0,773.240171717,38.2664242424,0,734.850373737,0,124.093838384,83.002959596,41.0109393939,1470.98373737,,509,0.030978
../benchmarks/depth_fusion512,1,1,0,1,64,1,0,1,1,1,1,1,0,0,1,55,26,46,31,0.195312,999,13140,880469,191,39,132.99,Y,512,depth_fusion512_timing.csv,541.660646465,0,778.479525253,38.5547878788,0,739.796515152,0,130.108080808,81.7058787879,48.3195757576,1482.17323232,,512,0.030978
../benchmarks/depth_fusion513,1,1,0,1,64,1,0,1,1,1,1,1,0,1,1,51,25,40,31,0.195312,999,12587,920941,184,39,126.8,Y,513,depth_fusion513_timing.csv,541.25769697,0,778.082161616,38.5510707071,0,739.404979798,0,123.056707071,80.9733838384,42.0022424242,1474.38848485,,513,0.03108
../benchmarks/depth_fusion516,1,1,0,1,64,1,0,1,2,1,1,1,0,0,1,75,36,66,63,0.181628,999,21979,1457143,356,78,128.04,Y,516,depth_fusion516_timing.csv,538.133676768,0,769.289252525,38.142989899,0,731.022444444,0,117.669222222,83.2472727273,34.3378585859,1456.73666667,,516,0.030978
../benchmarks/depth_fusion517,1,1,0,1,64,1,0,1,2,1,1,1,0,1,1,66,32,48,63,0.169829,999,18715,1014807,239,78,136.93,Y,517,depth_fusion517_timing.csv,526.440737374,0,779.285808081,38.6017373737,0,740.564080808,0,117.793050505,87.4263434343,30.2898484848,1453.35777778,,517,0.03089
../benchmarks/depth_fusion648,1,1,0,1,128,0,0,0,1,1,1,1,0,0,1,51,25,39,33,0.195312,999,13214,853624,170,41,137.21,Y,648,depth_fusion648_timing.csv,527.376838384,0,760.286080808,37.2224646465,0,722.945666667,0,131.881979798,83.2106262626,48.5956767677,1451.20434343,,648,0.030978
../benchmarks/depth_fusion649,1,1,0,1,128,0,0,0,1,1,1,1,0,1,1,52,25,40,33,0.195312,999,13292,950332,183,41,132.5,Y,649,depth_fusion649_timing.csv,531.145262626,0,760.344040404,37.2464242424,0,722.979111111,0,125.553343434,83.4786565657,41.997030303,1449.08787879,,649,0.03108
../benchmarks/depth_fusion650,1,1,0,1,128,0,0,0,2,1,1,1,0,0,1,69,34,59,59,0.195312,999,19693,1420098,296,74,132.97,Y,650,depth_fusion650_timing.csv,522.603010101,0,775.507181818,38.6769191919,0,736.71569697,0,131.030232323,83.0026363636,47.9494040404,1458.67323232,,650,0.030978
../benchmarks/depth_fusion651,1,1,0,1,128,0,0,0,2,1,1,1,0,1,1,71,35,59,59,0.195312,999,20137,1508882,308,74,128.76,Y,651,depth_fusion651_timing.csv,540.797363636,0,777.546757576,38.5961919192,0,738.829949495,0,122.066424242,80.9274242424,41.0608484848,1472.57242424,,651,0.030978
../benchmarks/depth_fusion652,1,1,0,1,128,0,0,1,1,1,1,1,0,0,1,55,26,46,33,0.195312,999,13575,881176,191,41,134.19,Y,652,depth_fusion652_timing.csv,524.035424242,0,776.199141414,38.5544949495,0,737.529020202,0,130.240848485,81.9331717172,48.2282424242,1460.03616162,,652,0.03089
../benchmarks/depth_fusion653,1,1,0,1,128,0,0,1,1,1,1,1,0,1,1,52,25,40,33,0.195312,999,12989,921336,184,41,132.16,Y,653,depth_fusion653_timing.csv,542.108727273,0,776.869434343,38.5626464646,0,738.184585859,0,122.634494949,80.7191717172,41.8362626263,1473.73040404,,653,0.03089
../benchmarks/depth_fusion654,1,1,0,1,128,0,0,1,2,1,1,1,0,0,1,76,36,65,66,0.181628,999,22223,1435894,349,82,128.12,Y,654,depth_fusion654_timing.csv,541.249828283,0,777.373909091,38.5336060606,0,738.720555556,0,115.084818182,80.9204545455,34.0845050505,1465.81646465,,654,0.030978
../benchmarks/depth_fusion655,1,1,0,1,128,0,0,1,2,1,1,1,0,1,1,67,33,49,66,0.169829,999,19214,1017747,240,82,124.4,Y,655,depth_fusion655_timing.csv,541.028060606,0,775.31069697,38.5986969697,0,736.572686869,0,111.283858586,80.8783131313,30.3276464646,1459.76464646,,655,0.031003
../benchmarks/depth_fusion720,1,1,0,1,128,1,0,0,1,1,1,1,0,0,1,50,24,39,31,0.195312,999,12769,853489,170,39,133.61,Y,720,depth_fusion720_timing.csv,541.070141414,0,777.844727273,38.5005959596,0,739.224454545,0,129.58859596,80.9709494949,48.5414242424,1480.53868687,,720,0.030978
../benchmarks/depth_fusion721,1,1,0,1,128,1,0,0,1,1,1,1,0,1,1,51,25,40,31,0.195312,999,12851,950185,182,39,128.53,Y,721,depth_fusion721_timing.csv,538.780171717,0,758.426606061,37.2485757576,0,721.070929293,0,126.143252525,84.2127575758,41.8578282828,1453.78020202,,721,0.030978
../benchmarks/depth_fusion724,1,1,0,1,128,1,0,0,2,1,1,1,0,0,1,68,33,57,55,0.195312,999,19030,1324302,279,70,136.83,Y,724,depth_fusion724_timing.csv,539.804030303,0,776.609919192,38.5342727273,0,737.954080808,0,128.858505051,80.7523535354,48.0264848485,1477.41323232,,724,0.031074
../benchmarks/depth_fusion725,1,1,0,1,128,1,0,0,2,1,1,1,0,1,1,70,34,58,55,0.195312,999,19347,1493294,300,70,134.94,Y,725,depth_fusion725_timing.csv,539.447181818,0,777.370373737,38.5681515152,0,738.682656566,0,121.668444444,80.6286363636,40.9608686869,1470.55282828,,725,0.031074
../benchmarks/depth_fusion728,1,1,0,1,128,1,0,1,1,1,1,1,0,0,1,55,26,46,31,0.195312,999,13107,880465,191,39,130.77,Y,728,depth_fusion728_timing.csv,540.276737374,0,775.775151515,38.4633434343,0,737.191373737,0,128.98620202,80.7220808081,48.1847575758,1477.11575758,,728,0.031003
../benchmarks/depth_fusion729,1,1,0,1,128,1,0,1,1,1,1,1,0,1,1,51,25,40,31,0.195312,999,12544,920937,184,39,133.33,Y,729,depth_fusion729_timing.csv,524.973121212,0,759.463363636,37.548979798,0,721.801555556,0,126.16769697,84.2433939394,41.8484343434,1441.47767677,,729,0.030978
../benchmarks/depth_fusion732,1,1,0,1,128,1,0,1,2,1,1,1,0,0,1,75,36,66,63,0.181628,999,22005,1457139,356,78,128.22,Y,732,depth_fusion732_timing.csv,542.210929293,0,776.330212121,38.485979798,0,737.724707071,0,114.783989899,80.6478686869,34.056979798,1465.36040404,,732,0.03089
../benchmarks/depth_fusion733,1,1,0,1,128,1,0,1,2,1,1,1,0,1,1,66,32,48,63,0.169829,999,18697,1014803,239,78,134.71,Y,733,depth_fusion733_timing.csv,522.881565657,0,775.863555556,38.5798282828,0,737.170646465,0,113.405191919,83.0585050505,30.2702626263,1441.75535354,,733,0.030978
../benchmarks/depth_fusion864,1,1,0,2,64,0,0,0,1,1,1,1,0,0,1,50,24,37,33,0.195312,999,12976,852392,166,41,133.2,Y,864,depth_fusion864_timing.csv,522.727666667,0,777.084353535,38.617040404,0,738.353262626,0,131.737272727,83.0921919192,48.5671616162,1461.02343434,,864,0.030978
../benchmarks/depth_fusion865,1,1,0,2,64,0,0,0,1,1,1,1,0,1,1,51,25,39,33,0.195312,999,13118,949064,180,41,137.06,Y,865,depth_fusion865_timing.csv,541.057777778,0,777.170545455,38.4954949495,0,738.554848485,0,122.937020202,81.0202222222,41.8384242424,1473.24676768,,865,0.030978
../benchmarks/depth_fusion866,1,1,0,2,64,0,0,0,2,1,1,1,0,0,1,68,33,55,59,0.195312,999,19298,1405598,285,74,132.92,Y,866,depth_fusion866_timing.csv,525.301747475,0,757.103111111,37.1991919192,0,719.793717172,0,129.946828283,81.9573333333,47.9143939394,1443.49474747,,866,0.030933
../benchmarks/depth_fusion867,1,1,0,2,64,0,0,0,2,1,1,1,0,1,1,71,34,58,59,0.195312,999,19899,1505919,303,74,133.15,Y,867,depth_fusion867_timing.csv,542.512818182,0,777.323666667,38.4765151515,0,738.720515152,0,122.001434343,80.9975454545,40.9234646465,1473.88545455,,867,0.030978
../benchmarks/depth_fusion868,1,1,0,2,64,0,0,1,1,1,1,1,0,0,1,54,26,44,33,0.390625,999,13360,892028,189,41,131.57,Y,868,depth_fusion868_timing.csv,524.870494949,0,783.208787879,38.4854242424,0,744.601818182,0,134.36079798,86.4514848485,47.8305555556,1472.69080808,,868,0.031003
../benchmarks/depth_fusion869,1,1,0,2,64,0,0,1,1,1,1,1,0,1,1,51,25,39,33,0.390625,999,12804,920068,180,41,132.69,Y,869,depth_fusion869_timing.csv,525.207131313,0,758.868060606,37.2518080808,0,721.499808081,0,124.287868687,82.3645959596,41.844989899,1439.56222222,,869,0.031003
../benchmarks/depth_fusion870,1,1,0,2,64,0,0,1,2,1,1,1,0,0,1,75,36,63,66,0.725242,999,21932,1434336,340,82,125.32,Y,870,depth_fusion870_timing.csv,530.096858586,0,760.000484848,37.2802424242,0,722.602616162,0,117.348,83.3796262626,33.8916161616,1438.62515152,,870,0.031003
../benchmarks/depth_fusion871,1,1,0,2,64,0,0,1,2,1,1,1,0,1,1,66,32,47,66,0.678204,999,19026,1015355,237,82,133.26,Y,871,depth_fusion871_timing.csv,542.249707071,0,779.475191919,38.6238383838,0,740.724777778,0,111.481171717,81.1052828283,30.2945353535,1465.23909091,,871,0.030933
../benchmarks/depth_fusion936,1,1,0,2,64,1,0,0,1,1,1,1,0,0,1,49,24,37,31,0.195312,999,12492,852221,165,39,133.58,Y,936,depth_fusion936_timing.csv,542.556313131,0,777.919727273,38.6199090909,0,739.171808081,0,129.734909091,81.0706363636,48.5822222222,1482.2559596,,936,0.030978
../benchmarks/depth_fusion937,1,1,0,2,64,1,0,0,1,1,1,1,0,1,1,50,24,39,31,0.195312,999,12659,948917,179,39,136.89,Y,937,depth_fusion937_timing.csv,541.529505051,0,779.619494949,38.5452929293,0,740.946929293,0,123.135606061,81.1170808081,41.937979798,1476.31090909,,937,0.03108
../benchmarks/depth_fusion940,1,1,0,2,64,1,0,0,2,1,1,1,0,0,1,67,33,53,55,0.195312,999,18652,1321690,270,70,133.22,Y,940,depth_fusion940_timing.csv,544.270777778,0,779.592050505,38.5128888889,0,740.952010101,0,129.212010101,81.2366262626,47.8946969697,1485.16343434,,940,0.03089
../benchmarks/depth_fusion941,1,1,0,2,64,1,0,0,2,1,1,1,0,1,1,70,34,58,55,0.195312,999,19466,1504808,302,70,134.19,Y,941,depth_fusion941_timing.csv,531.708585859,0,760.308252525,37.3891010101,0,722.799818182,0,126.330757576,85.3005252525,40.9513131313,1449.54060606,,941,0.030978
../benchmarks/depth_fusion944,1,1,0,2,64,1,0,1,1,1,1,1,0,0,1,54,26,44,31,0.390625,999,12897,891269,189,39,124.76,Y,944,depth_fusion944_timing.csv,542.265464646,0,761.92569697,37.402989899,0,724.408010101,0,134.739414141,86.8905151515,47.7737676768,1470.89535354,,944,0.030978
../benchmarks/depth_fusion945,1,1,0,2,64,1,0,1,1,1,1,1,0,1,1,51,24,39,31,0.390625,999,12434,919669,180,39,124.44,Y,945,depth_fusion945_timing.csv,541.42389899,0,777.541272727,38.6586464646,0,738.755848485,0,122.976555556,81.0302828283,41.865010101,1474.08777778,,945,0.031003
../benchmarks/depth_fusion948,1,1,0,2,64,1,0,1,2,1,1,1,0,0,1,74,35,63,63,0.725242,999,21501,1443726,344,78,130.19,Y,948,depth_fusion948_timing.csv,541.210222222,0,760.410393939,37.470979798,0,722.822383838,0,119.897393939,86.3393131313,33.4819090909,1453.18919192,,948,0.030978
../benchmarks/depth_fusion949,1,1,0,2,64,1,0,1,2,1,1,1,0,1,1,65,32,47,63,0.678204,999,18508,1014047,236,78,128.28,Y,949,depth_fusion949_timing.csv,541.649565657,0,780.061232323,38.642,0,741.288969697,0,111.941919192,81.4342626263,30.4251212121,1465.65282828,,949,0.030978
../benchmarks/depth_fusion1080,1,1,1,0,64,0,0,1,1,1,1,1,0,0,1,53,25,45,33,0.136483,999,12232,764588,163,41,135.55,Y,1080,depth_fusion1080_timing.csv,541.484818182,0,776.206333333,38.631989899,0,737.445727273,0,93.694979798,81.9454040404,11.6682929293,1443.40727273,,1080,0.031003
../benchmarks/depth_fusion1081,1,1,1,0,64,0,0,1,1,1,1,1,0,1,1,54,25,46,33,0.139997,999,12564,849844,173,41,137.08,Y,1081,depth_fusion1081_timing.csv,528.829838384,0,763.829323232,37.5345151515,0,726.173646465,0,95.3751818182,82.3089494949,12.9911515152,1419.63333333,,1081,0.031003
../benchmarks/depth_fusion1082,1,1,1,0,64,0,0,1,1,2,1,1,0,0,1,79,38,71,66,0.082687,999,20053,1250239,280,82,136.85,Y,1082,depth_fusion1082_timing.csv,541.912040404,0,776.50179798,38.607040404,0,737.769313131,0,93.7412525253,83.166,10.4967171717,1444.34606061,,1082,0.030963
../benchmarks/depth_fusion1083,1,1,1,0,64,0,0,1,1,2,1,1,0,1,1,80,38,73,66,0.0852807,999,20612,1210252,278,82,135.2,Y,1083,depth_fusion1083_timing.csv,541.928828283,0,780.593888889,38.5878080808,0,741.878585859,0,92.182,81.0214040404,11.0840606061,1446.73989899,,1083,0.030978
../benchmarks/depth_fusion1084,1,1,1,0,64,0,1,1,1,1,1,1,0,0,1,54,26,47,33,0.136483,999,12449,810010,175,41,133.47,Y,1084,depth_fusion1084_timing.csv,542.129525253,0,780.068292929,38.5979494949,0,741.343353535,0,92.9877474747,81.168020202,11.7408383838,1447.22757576,,1084,0.030978
../benchmarks/depth_fusion1085,1,1,1,0,64,0,1,1,1,1,1,1,0,1,1,54,26,46,33,0.136483,999,12379,774714,166,41,140.8,Y,1085,depth_fusion1085_timing.csv,541.532313131,0,777.713545455,38.4904848485,0,739.096919192,0,93.2341010101,80.8586464646,12.2975252525,1444.48666667,,1085,0.031003
../benchmarks/depth_fusion1086,1,1,1,0,64,0,1,1,1,2,1,1,0,0,1,84,40,86,66,0.082687,999,21787,1405130,333,82,132.97,Y,1086,depth_fusion1086_timing.csv,527.748666667,0,779.404323232,38.0531818182,0,741.229464646,0,95.0614242424,84.3748383838,10.6114545455,1432.72353535,,1086,0.03089
../benchmarks/depth_fusion1087,1,1,1,0,64,0,1,1,1,2,1,1,0,1,1,82,39,78,66,0.082687,999,21303,1193260,294,82,136.76,Y,1087,depth_fusion1087_timing.csv,540.091525253,0,779.007070707,38.5172020202,0,740.362545455,0,91.7026060606,80.9068585859,10.7173434343,1442.87616162,,1087,0.031074
../benchmarks/depth_fusion1088,1,1,1,0,64,0,2,1,1,1,1,1,0,0,1,54,26,47,33,0.136483,999,12425,809958,174,41,133.52,Y,1088,depth_fusion1088_timing.csv,525.844010101,0,761.207343434,37.2882222222,0,723.801131313,0,94.2623636364,82.4590505051,11.7294949495,1412.45757576,,1088,0.031003
../benchmarks/depth_fusion1089,1,1,1,0,64,0,2,1,1,1,1,1,0,1,1,54,26,46,33,0.136483,999,12369,774714,166,41,146.17,Y,1089,depth_fusion1089_timing.csv,540.568292929,0,778.108252525,38.5194848485,0,739.461151515,0,93.2860606061,81.0567272727,12.1506565657,1443.97808081,,1089,0.031074
../benchmarks/depth_fusion1091,1,1,1,0,64,0,2,1,1,2,1,1,0,1,1,82,39,78,66,0.082687,999,21304,1193260,294,82,136.79,Y,1091,depth_fusion1091_timing.csv,542.292434343,0,776.997171717,38.6131111111,0,738.255020202,0,92.0076060606,81.2205151515,10.7100505051,1443.46919192,,1091,0.030978
../benchmarks/depth_fusion1092,1,1,1,0,64,1,0,1,1,1,1,1,0,0,1,52,25,45,31,0.136483,999,11774,752525,160,39,140.42,Y,1092,depth_fusion1092_timing.csv,541.307969697,0,778.464686869,38.5533535354,0,739.784777778,0,92.3793737374,80.7617272727,11.5400606061,1444.21616162,,1092,0.03108
../benchmarks/depth_fusion1093,1,1,1,0,64,1,0,1,1,1,1,1,0,1,1,53,25,46,31,0.139997,999,12122,849733,173,39,138.71,Y,1093,depth_fusion1093_timing.csv,525.040818182,0,767.223010101,37.4793636364,0,729.625434343,0,96.4783232323,83.4682121212,12.9345757576,1420.00515152,,1093,0.03108
../benchmarks/depth_fusion1096,1,1,1,0,64,1,0,1,1,2,1,1,0,0,1,78,37,72,63,0.082687,999,19508,1194386,273,78,130.15,Y,1096,depth_fusion1096_timing.csv,533.571545455,0,767.456727273,37.7394343434,0,729.595575758,0,95.8321212121,85.1321717172,10.6140606061,1428.44535354,,1096,0.031003
../benchmarks/depth_fusion1097,1,1,1,0,64,1,0,1,1,2,1,1,0,1,1,79,38,73,63,0.0852807,999,20026,1192010,275,78,132.11,Y,1097,depth_fusion1097_timing.csv,545.494363636,0,777.500020202,38.1717373737,0,739.200191919,0,94.9646969697,83.6923030303,11.1911313131,1450.26565657,,1097,0.030978
../benchmarks/depth_fusion1100,1,1,1,0,64,1,1,1,1,1,1,1,0,0,1,54,26,47,31,0.136483,999,12025,809799,174,39,140.62,Y,1100,depth_fusion1100_timing.csv,544.56489899,0,777.503414141,38.4476767677,0,738.928989899,0,93.0567171717,81.5097777778,11.4673333333,1447.26878788,,1100,0.030932
../benchmarks/depth_fusion1101,1,1,1,0,64,1,1,1,1,1,1,1,0,1,1,53,25,46,31,0.136483,999,11895,774183,165,39,137.93,Y,1101,depth_fusion1101_timing.csv,529.665494949,0,782.871020202,38.4512626263,0,744.301151515,0,97.6275757576,85.2332121212,12.3183131313,1441.38474747,,1101,0.03103
../benchmarks/depth_fusion1104,1,1,1,0,64,1,1,1,1,2,1,1,0,0,1,83,39,85,63,0.082687,999,21300,1313394,320,78,133.08,Y,1104,depth_fusion1104_timing.csv,525.259060606,0,758.112616162,37.2574444444,0,720.736747475,0,93.1826161616,82.5189393939,10.5892121212,1407.65464646,,1104,0.031003
../benchmarks/depth_fusion1105,1,1,1,0,64,1,1,1,1,2,1,1,0,1,1,81,38,78,63,0.082687,999,20603,1190490,293,78,136.68,Y,1105,depth_fusion1105_timing.csv,526.404717172,0,759.848393939,37.3723737374,0,722.358090909,0,93.1868888889,82.3716565657,10.7417070707,1410.58262626,,1105,0.030978
../benchmarks/depth_fusion1108,1,1,1,0,64,1,2,1,1,1,1,1,0,0,1,54,26,47,31,0.136483,999,12028,809815,174,39,143.98,Y,1108,depth_fusion1108_timing.csv,542.511383838,0,774.63520202,38.2032727273,0,736.305030303,0,93.3318888889,81.9434040404,11.3122525253,1442.92040404,,1108,0.031003
../benchmarks/depth_fusion1109,1,1,1,0,64,1,2,1,1,1,1,1,0,1,1,53,25,46,31,0.136483,999,11926,774183,165,39,143.86,Y,1109,depth_fusion1109_timing.csv,531.047464646,0,758.64769697,37.4063232323,0,721.123131313,0,95.1511717172,82.9647575758,12.1125050505,1416.30232323,,1109,0.03089
../benchmarks/depth_fusion1112,1,1,1,0,64,1,2,1,1,2,1,1,0,0,1,83,39,85,63,0.082687,999,21262,1313394,320,78,132.96,Y,1112,depth_fusion1112_timing.csv,543.307282828,0,767.555919192,37.8808585859,0,729.556242424,0,95.9751818182,85.2695858586,10.6297878788,1438.73050505,,1112,0.030978
../benchmarks/depth_fusion1113,1,1,1,0,64,1,2,1,1,2,1,1,0,1,1,81,38,78,63,0.082687,999,20583,1190490,293,78,143.1,Y,1113,depth_fusion1113_timing.csv,539.63220202,0,774.632505051,38.439979798,0,736.068434343,0,92.0773535354,81.3070505051,10.694979798,1438.2369697,,1113,0.031003
../benchmarks/depth_fusion1116,1,1,1,2,64,0,0,1,1,1,1,1,0,0,1,55,26,47,33,111.897,999,11935,741636,156,41,139.29,Y,1116,depth_fusion1116_timing.csv,541.939535354,0,778.751959596,38.5454949495,0,740.079222222,0,92.5086262626,81.1125757576,11.3173030303,1445.27747475,,1116,0.030978
../benchmarks/depth_fusion1117,1,1,1,2,64,0,0,1,1,1,1,1,0,1,1,53,25,44,33,143.357,999,12249,715940,157,41,147.34,Y,1117,depth_fusion1117_timing.csv,533.612919192,0,762.424171717,37.6562727273,0,724.646929293,0,92.5612828283,81.7123535354,10.7739393939,1420.1289899,,1117,0.03089
../benchmarks/depth_fusion1118,1,1,1,2,64,0,1,1,1,1,1,1,0,0,1,56,26,52,33,111.897,999,12185,814510,171,41,137.74,Y,1118,depth_fusion1118_timing.csv,527.042353535,0,780.898080808,38.8613636364,0,741.915151515,0,99.5484848485,87.9962020202,11.4771212121,1437.98757576,,1118,0.030978
../benchmarks/depth_fusion1119,1,1,1,2,64,0,1,1,1,1,1,1,0,1,1,56,26,51,33,111.897,999,12117,779230,163,41,147.53,Y,1119,depth_fusion1119_timing.csv,541.80889899,0,781.715878788,38.5498080808,0,743.039656566,0,92.3885858586,81.3372424242,10.9728080808,1447.87585859,,1119,0.030978
../benchmarks/depth_fusion1120,1,1,1,2,64,0,2,1,1,1,1,1,0,0,1,56,26,52,33,111.897,999,12198,814506,170,41,138.9,Y,1120,depth_fusion1120_timing.csv,542.135656566,0,778.740393939,38.6018686869,0,740.012333333,0,92.6583838384,81.2786060606,11.3023030303,1445.5810101,,1120,0.030978
../benchmarks/depth_fusion1121,1,1,1,2,64,0,2,1,1,1,1,1,0,1,1,56,26,51,33,111.897,999,12072,779194,162,41,143.57,Y,1121,depth_fusion1121_timing.csv,541.506717172,0,779.37779798,38.4886565657,0,740.762969697,0,93.0067676768,81.8568686869,11.0694040404,1445.94545455,,1121,0.030978
../benchmarks/depth_fusion1122,1,1,1,2,64,1,0,1,1,1,1,1,0,0,1,54,25,48,31,111.897,999,11502,741117,156,39,143.94,Y,1122,depth_fusion1122_timing.csv,542.007313131,0,778.581868687,38.5113737374,0,739.940818182,0,92.6281212121,81.3719393939,11.1768989899,1445.30121212,,1122,0.030978
../benchmarks/depth_fusion1123,1,1,1,2,64,1,0,1,1,1,1,1,0,1,1,52,25,44,31,143.357,999,11785,715445,157,39,140.25,Y,1123,depth_fusion1123_timing.csv,542.42520202,0,779.766787879,38.2986060606,0,741.342434343,0,93.8885757576,82.8372828283,10.9728383838,1448.31,,1123,0.030978
../benchmarks/depth_fusion1126,1,1,1,2,64,1,1,1,1,1,1,1,0,0,1,56,26,52,31,111.897,999,11774,814347,170,39,142.89,Y,1126,depth_fusion1126_timing.csv,527.300515152,0,777.368757576,37.8102727273,0,739.437666667,0,96.3724040404,85.0975959596,11.1995555556,1431.67181818,,1126,0.030978
../benchmarks/depth_fusion1127,1,1,1,2,64,1,1,1,1,1,1,1,0,1,1,55,26,51,31,111.897,999,11663,779083,162,39,150.55,Y,1127,depth_fusion1127_timing.csv,541.389424242,0,780.275535354,38.6065050505,0,741.54259596,0,92.218959596,81.2546464646,10.8874242424,1446.03252525,,1127,0.030978
../benchmarks/depth_fusion1130,1,1,1,2,64,1,2,1,1,1,1,1,0,0,1,56,26,52,31,111.897,999,11769,814347,170,39,131.21,Y,1130,depth_fusion1130_timing.csv,531.686929293,0,767.175090909,37.7311414141,0,729.321151515,0,93.7498080808,82.0927777778,11.5832121212,1424.10444444,,1130,0.03108
../benchmarks/depth_fusion1131,1,1,1,2,64,1,2,1,1,1,1,1,0,1,1,55,26,51,31,111.897,999,11665,779083,162,39,147.55,Y,1131,depth_fusion1131_timing.csv,542.658060606,0,779.244010101,38.5931919192,0,740.522727273,0,92.423010101,81.4192020202,10.9278383838,1446.36181818,,1131,0.030978
../benchmarks/depth_fusion1134,1,2,0,2,64,0,0,0,1,1,1,1,0,0,1,83,41,67,66,0.390625,999,23794,1453136,292,82,131.14,Y,1134,depth_fusion1134_timing.csv,542.991353535,0,770.804767677,38.0446363636,0,732.637565657,0,131.510777778,83.7386767677,47.6935555556,1476.99979798,,1134,0.03089
../benchmarks/depth_fusion1135,1,2,0,2,64,0,0,0,1,1,1,1,0,1,1,86,43,71,66,0.390625,999,24237,1646480,320,82,136.68,Y,1135,depth_fusion1135_timing.csv,525.34030303,0,760.079737374,37.2283636364,0,722.733050505,0,123.332424242,82.2225252525,41.0347373737,1439.97383838,,1135,0.030972
../benchmarks/depth_fusion1139,1,2,0,2,64,0,0,1,1,1,1,1,0,1,1,87,43,72,66,0.78125,999,23595,1588488,320,82,125.5,Y,1139,depth_fusion1139_timing.csv,533.235585859,0,767.236171717,37.825989899,0,729.288626263,0,123.767383838,82.5896161616,41.0966060606,1455.7940404,,1139,0.030978
../benchmarks/depth_fusion1206,1,2,0,2,64,1,0,0,1,1,1,1,0,0,1,82,40,67,63,0.390625,999,22911,1452794,290,78,129.69,Y,1206,depth_fusion1206_timing.csv,530.089858586,0,762.001040404,37.391,0,724.489989899,0,132.144939394,84.2528888889,47.8121616162,1455.74545455,,1206,0.030978
../benchmarks/depth_fusion1207,1,2,0,2,64,1,0,0,1,1,1,1,0,1,1,85,42,71,63,0.390625,999,23337,1646186,318,78,130.47,Y,1207,depth_fusion1207_timing.csv,543.189010101,0,772.523454545,38.2376868687,0,734.162545455,0,123.329777778,82.1586868687,41.0915151515,1470.55131313,,1207,0.03089
../benchmarks/depth_fusion1215,1,2,0,2,64,1,0,1,1,1,1,1,0,1,1,85,42,72,63,0.78125,999,22797,1587690,320,78,122.38,Y,1215,depth_fusion1215_timing.csv,542.193383838,0,776.597363636,38.5234444444,0,737.946989899,0,123.146929293,81.9266868687,41.1360606061,1474.07020202,,1215,0.030978
../benchmarks/depth_fusion1351,1,2,1,2,64,0,0,1,1,1,1,1,0,1,1,90,43,81,66,143.357,999,22327,1180232,274,82,129.61,Y,1351,depth_fusion1351_timing.csv,523.956959596,0,778.792333333,38.5169191919,0,740.156565657,0,96.2883939394,85.8424040404,10.368969697,1429.0359596,,1351,0.030978
../benchmarks/depth_fusion1357,1,2,1,2,64,1,0,1,1,1,1,1,0,1,1,89,43,81,63,143.357,999,21521,1179242,274,78,132.81,Y,1357,depth_fusion1357_timing.csv,530.690242424,0,778.344363636,38.5392222222,0,739.67930303,0,95.2180606061,84.7681010101,10.3711717172,1435.17080808,,1357,0.030978
