ID_x,knob_simd,knob_compute_units,knob_xyz_loop,knob_entryid_loop,knob_entryid_num_wi,knob_hardcode_size,knob_cache_voxels,knob_xyz_loop_flat,knob_xyz_unroll,knob_entryid_unroll,knob_voxel_unroll,knob_voxel_out_unroll,knob_depth_local,knob_branch_pos,knob_unused,estim_logic,estim_reg,estim_mem,estim_dsp,estim_throughput_0,time,logic,mem,ram,dsp,fmax,verif,error,fit,ID_int,ID_y,Tracking1,Tracking2,Raycast,Raycast_CreateDepths,Raycast_CreatePointCloud,Raycast_CreateICPMaps,Raycast_ForwardRender,Fusion,Fusion_allocate,Fusion_integrate,Total_time,Unnamed: 12
../benchmarks/depth_fusion0,1,1,0,0,64,0,0,0,1,1,1,1,0,0,1,54,27,56,33,4.76837E-005,8671.52,15671,1187086,247,41,133.15,P,N,Y,0,depth_fusion0_timing.csv,306.289886076,0,618.724860759,46.3219240506,0,572.283113924,0,10851.6775949,70.7812405063,10780.7994937,11821.6816456,
../benchmarks/depth_fusion1,1,1,0,0,64,0,0,0,1,1,1,1,0,1,1,57,29,62,33,4.76837E-005,8096.62,15810,1172558,247,41,130.73,P,N,Y,1,depth_fusion1_timing.csv,297.019316456,0,619.169506329,46.6346075949,0,572.417544304,0,10155.2370886,69.9561772152,10085.1881013,11093.2787342,
../benchmarks/depth_fusion4,1,1,0,0,64,0,0,0,2,1,1,1,0,0,1,67,33,69,59,4.76837E-005,4456.57,20808,1507960,325,74,137.04,P,N,Y,4,depth_fusion4_timing.csv,300.439708861,0,614.592303797,45.7064810127,0,568.770835443,0,5620.70063291,66.6473417722,5553.96227848,6558.22848101,
../benchmarks/depth_fusion5,1,1,0,0,64,0,0,0,2,1,1,1,0,1,1,71,37,76,59,4.14848E-005,4379.73,20661,1380145,307,74,127.11,P,N,Y,5,depth_fusion5_timing.csv,295.798594937,0,619.481962025,46.5034810127,0,572.861670886,0,5534.11379747,70.529,5463.49278481,6471.24,
../benchmarks/depth_fusion8,1,1,0,0,64,0,0,1,1,1,1,1,0,0,1,54,28,38,33,0.000190735,3719.27,19965,630512,159,41,125.67,P,N,Y,8,depth_fusion8_timing.csv,303.344670886,0,622.680974684,46.2074177215,0,576.35335443,0,4696.8243038,66.8113291139,4629.92126582,5645.40227848,
../benchmarks/depth_fusion9,1,1,0,0,64,0,0,1,1,1,1,1,0,1,1,52,27,53,33,0.000190735,7469.51,14219,1024493,201,41,134.8,P,N,Y,9,depth_fusion9_timing.csv,305.678151899,0,623.655151899,46.0627594937,0,577.473924051,0,9379.44658228,68.7698607595,9310.54734177,10331.4708861,
../benchmarks/depth_fusion11,1,1,0,0,64,0,0,1,1,2,1,1,0,1,1,74,37,62,66,0.000190735,8055.02,23862,1583881,312,82,130.91,P,N,Y,11,depth_fusion11_timing.csv,298.540151899,0,619.535531646,46.501721519,0,572.915240506,0,10087.286962,70.7326708861,10016.4593671,11027.3965823,
../benchmarks/depth_fusion13,1,1,0,0,64,0,0,1,2,1,1,1,0,1,1,68,35,62,66,0.000165838,27.5608,18912,721906,211,82,101.49,P,N,Y,13,depth_fusion13_timing.csv,301.207063291,0,621.549303797,46.5345443038,0,574.899291139,0,105.188822785,69.9305822785,35.1801518987,1050.07265823,
../benchmarks/depth_fusion16,1,1,0,0,64,0,1,0,1,1,1,1,0,0,1,63,34,47,33,4.59867E-005,2046.14,22905,679382,191,41,127.59,P,N,Y,16,depth_fusion16_timing.csv,301.218303797,0,610.188139241,45.0799620253,0,564.995101266,0,2642.43835443,64.4913670886,2577.86012658,3576.83341772,
../benchmarks/depth_fusion17,1,1,0,0,64,0,1,0,1,1,1,1,0,1,1,59,30,53,33,3.97619E-005,1311.32,15081,628404,188,41,133.08,P,N,Y,17,depth_fusion17_timing.csv,300.542759494,0,622.279075949,46.4936582278,0,575.669835443,0,1713.20734177,71.8525316456,1641.26697468,2657.93417722,
../benchmarks/depth_fusion18,1,1,0,0,64,0,1,0,1,1,1,2,0,0,1,64,34,50,33,4.28206E-005,2011.3,22975,678446,195,41,130.07,P,N,Y,18,depth_fusion18_timing.csv,295.517455696,0,619.192481013,46.5670759494,0,572.50764557,0,2617.42696203,71.9486708861,2545.38797468,3553.85594937,
../benchmarks/depth_fusion19,1,1,0,0,64,0,1,0,1,1,1,2,0,1,1,60,30,55,33,3.97619E-005,1302.66,15070,627791,189,41,133.33,P,N,Y,19,depth_fusion19_timing.csv,306.763620253,0,612.162594937,45.4484683544,0,566.600607595,0,1696.36,67.7815949367,1628.49207595,2638.28012658,
../benchmarks/depth_fusion20,1,1,0,0,64,0,1,0,1,1,2,1,0,0,1,64,34,49,33,4.28206E-005,2002.35,23066,678678,194,41,131.76,P,N,Y,20,depth_fusion20_timing.csv,297.932443038,0,618.981949367,46.5088481013,0,572.355189873,0,2597.4143038,69.430721519,2527.89240506,3536.19848101,
../benchmarks/depth_fusion21,1,1,0,0,64,0,1,0,1,1,2,1,0,1,1,60,30,54,33,3.65315E-005,1271.72,15214,627892,191,41,136.98,P,N,Y,21,depth_fusion21_timing.csv,300.089987342,0,618.730860759,46.4518987342,0,572.161493671,0,1660.57531646,70.9990759494,1589.48968354,2601.22265823,
../benchmarks/depth_fusion22,1,1,0,0,64,0,1,0,1,1,2,2,0,0,1,64,34,50,33,4.28206E-005,2008.51,23002,677934,195,41,128.93,P,N,Y,22,depth_fusion22_timing.csv,298.293721519,0,617.338886076,46.3846329114,0,570.838974684,0,2609.52848101,68.165556962,2541.27392405,3547.12518987,
../benchmarks/depth_fusion23,1,1,0,0,64,0,1,0,1,1,2,2,0,1,1,60,30,56,33,3.65315E-005,1259.52,15146,627279,192,41,137.09,P,N,Y,23,depth_fusion23_timing.csv,298.776734177,0,619.550164557,46.5228481013,0,572.910189873,0,1644.27873418,71.4971139241,1572.69248101,2584.67860759,
../benchmarks/depth_fusion25,1,1,0,0,64,0,1,0,1,2,1,1,0,1,1,84,42,76,66,0.000017997,1378.05,23053,971415,303,82,133.01,P,N,Y,25,depth_fusion25_timing.csv,298.408873418,0,620.623556962,46.5257341772,0,573.983012658,0,1793.90202532,70.1297848101,1723.68481013,2735.14721519,
../benchmarks/depth_fusion27,1,1,0,0,64,0,1,0,1,2,1,2,0,1,1,84,42,76,66,1.76698E-005,1366.85,23103,972273,305,82,133.22,P,N,Y,27,depth_fusion27_timing.csv,298.563139241,0,618.863924051,46.4712151899,0,572.279,0,1774.28974684,68.5063037975,1705.69620253,2713.66607595,
../benchmarks/depth_fusion29,1,1,0,0,64,0,1,0,1,2,2,1,0,1,1,84,42,76,66,1.76673E-005,1353.77,23249,974999,305,82,134.72,P,N,Y,29,depth_fusion29_timing.csv,300.763898734,0,619.488101266,46.3086835443,0,573.063227848,0,1760.10708861,71.8684810127,1688.14962025,2702.66493671,
../benchmarks/depth_fusion31,1,1,0,0,64,0,1,0,1,2,2,2,0,1,1,84,42,76,66,1.73425E-005,1398.62,23280,975985,307,82,129.33,P,N,Y,31,depth_fusion31_timing.csv,296.345860759,0,619.691670886,46.4371265823,0,573.138721519,0,1820.50493671,70.8978607595,1749.52063291,2758.59291139,
../benchmarks/depth_fusion33,1,1,0,0,64,0,1,0,2,1,1,1,0,1,1,72,36,63,59,3.95758E-005,828.761,19879,744046,242,74,136.89,P,N,Y,33,depth_fusion33_timing.csv,295.910974684,0,619.539417722,46.5317088608,0,572.893101266,0,1109.9743038,70.8576455696,1039.03164557,2047.33936709,
../benchmarks/depth_fusion35,1,1,0,0,64,0,1,0,2,1,1,2,0,1,1,72,36,66,59,3.95758E-005,814.903,19803,744953,243,74,137.45,P,N,Y,35,depth_fusion35_timing.csv,304.515835443,0,608.788518987,45.4395822785,0,563.236607595,0,1087.61583544,68.2921265823,1019.23939241,2023.50227848,
../benchmarks/depth_fusion37,1,1,0,0,64,0,1,0,2,1,2,1,0,1,1,72,36,64,59,4.26201E-005,823.429,19844,745054,242,74,136.64,P,N,Y,37,depth_fusion37_timing.csv,299.824974684,0,618.169632911,46.5660126582,0,571.485506329,0,1097.15013924,67.9976582278,1029.06456962,2036.97240506,
../benchmarks/depth_fusion39,1,1,0,0,64,0,1,0,2,1,2,2,0,1,1,72,36,66,59,4.26201E-005,832.315,19789,744825,243,74,132.99,P,N,Y,39,depth_fusion39_timing.csv,303.071658228,0,618.289987342,46.2351139241,0,571.936911392,0,1107.5893038,67.9116075949,1039.59029114,2051.33329114,
../benchmarks/depth_fusion48,1,1,0,0,64,0,1,1,1,1,1,1,0,0,1,61,32,50,33,0.000177526,3826.39,20984,924634,197,41,122.97,P,N,Y,48,depth_fusion48_timing.csv,298.986734177,0,617.867708861,46.0902151899,0,571.661974684,0,4828.06316456,67.8743037975,4760.09936709,5767.02860759,
../benchmarks/depth_fusion49,1,1,0,0,64,0,1,1,1,1,1,1,0,1,1,53,27,42,33,0.000159048,971.642,13106,593443,151,41,133.36,P,N,Y,49,depth_fusion49_timing.csv,295.834303797,0,619.120911392,46.3513037975,0,572.650632911,0,1275.23802532,69.4387848101,1205.71048101,2212.04493671,
../benchmarks/depth_fusion50,1,1,0,0,64,0,1,1,1,1,1,2,0,0,1,61,32,44,33,0.000171282,3716.16,21081,670985,169,41,126.56,P,N,Y,50,depth_fusion50_timing.csv,299.303341772,0,618.983696203,46.4967594937,0,572.368025316,0,4700.5856962,70.2475063291,4630.2443038,5640.71860759,
../benchmarks/depth_fusion51,1,1,0,0,64,0,1,1,1,1,1,2,0,1,1,53,27,44,33,0.000159048,983.687,13065,592917,152,41,130.13,P,N,Y,51,depth_fusion51_timing.csv,300.105367089,0,619.708911392,46.6096202532,0,572.979936709,0,1295.76053165,70.2847468354,1225.38753165,2237.67202532,
../benchmarks/depth_fusion52,1,1,0,0,64,0,1,1,1,1,2,1,0,0,1,61,33,43,33,0.000171282,3846.44,21161,671129,168,41,122.3,P,N,Y,52,depth_fusion52_timing.csv,302.407531646,0,620.075443038,46.2847721519,0,573.671582278,0,4857.83797468,67.2265063291,4790.51886076,5803.01075949,
../benchmarks/depth_fusion53,1,1,0,0,64,0,1,1,1,1,2,1,0,1,1,53,27,43,33,0.000146126,1012.76,13217,592931,154,41,126.83,P,N,Y,53,depth_fusion53_timing.csv,303.500227848,0,620.910189873,46.1882405063,0,574.605544304,0,1330.04603797,68.5010506329,1261.45653165,2276.97607595,
../benchmarks/depth_fusion54,1,1,0,0,64,0,1,1,1,1,2,2,0,0,1,61,33,45,33,0.000171282,3941.94,21131,670473,169,41,118.97,P,N,Y,54,depth_fusion54_timing.csv,306.553759494,0,620.658025316,46.0424303797,0,574.495860759,0,4983.36772152,70.0621518987,4913.21240506,5933.39810127,
../benchmarks/depth_fusion55,1,1,0,0,64,0,1,1,1,1,2,2,0,1,1,53,27,45,33,0.000146126,951.286,13146,592405,155,41,133.49,P,N,Y,55,depth_fusion55_timing.csv,296.922392405,0,649.098101266,49.8812531646,0,599.102772152,0,1425.18724051,68.7060632911,1356.39336709,2393.93468354,
../benchmarks/depth_fusion57,1,1,0,0,64,0,1,1,1,2,1,1,0,1,1,74,36,57,66,4.19929E-005,1040.21,21182,897150,248,82,130.49,P,N,Y,57,depth_fusion57_timing.csv,299.449405063,0,608.22443038,45.4402658228,0,562.669075949,0,1364.13582278,67.6927468354,1296.35889873,2294.70822785,
../benchmarks/depth_fusion59,1,1,0,0,64,0,1,1,1,2,1,2,0,1,1,74,36,57,66,4.12294E-005,1037.09,21228,898008,250,82,129.69,P,N,Y,59,depth_fusion59_timing.csv,301.295949367,0,621.027544304,46.2831139241,0,574.627240506,0,1360.84910127,68.1821772152,1292.57734177,2305.87911392,
../benchmarks/depth_fusion61,1,1,0,0,64,0,1,1,1,2,2,1,0,1,1,75,37,58,66,3.09221E-005,1020,21364,900734,250,82,132.1,P,N,Y,61,depth_fusion61_timing.csv,295.198556962,0,620.144721519,46.3098227848,0,573.719670886,0,1337.25641772,71.4930126582,1265.67646835,2274.50379747,
../benchmarks/depth_fusion63,1,1,0,0,64,0,1,1,1,2,2,2,0,1,1,75,37,58,66,3.03494E-005,1041.4,21353,901720,252,82,128.18,P,N,Y,63,depth_fusion63_timing.csv,298.936202532,0,619.368987342,46.4333924051,0,572.821025316,0,1367.87631646,69.9966455696,1297.79301266,2308.09075949,
../benchmarks/depth_fusion65,1,1,0,0,64,0,1,1,2,1,1,1,0,1,1,68,34,51,66,0.000158303,66.314,19028,698171,204,82,110.09,P,N,Y,65,depth_fusion65_timing.csv,295.362544304,0,621.693632911,46.4106455696,0,575.169531646,0,152.87778481,69.9218860759,82.8792405063,1091.88367089,
../benchmarks/depth_fusion67,1,1,0,0,64,0,1,1,2,1,1,2,0,1,1,68,34,52,66,0.000158303,58.147,18944,697706,205,82,99.13,P,N,Y,67,depth_fusion67_timing.csv,303.584151899,0,610.330746835,44.9749873418,0,565.241582278,0,137.397848101,64.3841518987,72.9346455696,1074.26594937,
../benchmarks/depth_fusion69,1,1,0,0,64,0,1,1,2,1,2,1,0,1,1,68,34,51,66,0.00017048,57.928,19001,697659,204,82,108.81,P,N,Y,69,depth_fusion69_timing.csv,304.650329114,0,611.930620253,45.2516962025,0,566.562898734,0,137.684088608,64.4586455696,73.1465316456,1077.19405063,
../benchmarks/depth_fusion71,1,1,0,0,64,0,1,1,2,1,2,2,0,1,1,68,34,52,66,0.00017048,44.2772,18919,697578,205,82,108.1,P,N,Y,71,depth_fusion71_timing.csv,300.848708861,0,619.69643038,46.1980506329,0,573.383316456,0,127.183974684,71.4094936709,55.6966202532,1070.22620253,
../benchmarks/depth_fusion80,1,1,0,0,64,0,2,0,1,1,1,1,0,0,1,63,32,59,33,4.41033E-005,64.2226,15291,779278,217,41,137.3,P,N,Y,80,depth_fusion80_timing.csv,304.042974684,0,609.862531646,45.1541012658,0,564.594405063,0,147.322189873,66.865278481,80.3801898734,1084.01746835,
../benchmarks/depth_fusion81,1,1,0,0,64,0,2,0,1,1,1,1,0,1,1,63,33,55,33,3.82229E-005,61.4167,15291,767634,217,41,137,P,N,Y,81,depth_fusion81_timing.csv,301.44421519,0,619.596303797,46.2865949367,0,573.192189873,0,149.913949367,72.914443038,76.9203797468,1093.03493671,
../benchmarks/depth_fusion82,1,1,0,0,64,0,2,0,1,1,1,2,0,0,1,61,31,56,33,0.000044364,54.9016,15014,687851,198,41,133.22,P,N,Y,82,depth_fusion82_timing.csv,295.963683544,0,621.470734177,46.4221265823,0,574.930291139,0,140.549911392,71.3928987342,69.0772025316,1079.94518987,
../benchmarks/depth_fusion83,1,1,0,0,64,0,2,0,1,1,1,2,0,1,1,61,31,54,33,3.84488E-005,51.8506,15085,675667,198,41,133.45,P,N,Y,83,depth_fusion83_timing.csv,299.818278481,0,622.285886076,46.4317468354,0,575.739759494,0,136.240063291,71.0248607595,65.135721519,1080.22898734,
../benchmarks/depth_fusion84,1,1,0,0,64,0,2,0,1,1,2,1,0,0,1,62,32,55,33,4.14064E-005,55.1083,15239,690128,195,41,137.4,P,N,Y,84,depth_fusion84_timing.csv,303.61964557,0,610.767025316,44.9974683544,0,565.654329114,0,133.519620253,64.4259367089,69.0164177215,1070.88025316,
../benchmarks/depth_fusion85,1,1,0,0,64,0,2,0,1,1,2,1,0,1,1,62,32,55,33,3.41356E-005,57.3624,15193,702188,197,41,132.32,P,N,Y,85,depth_fusion85_timing.csv,302.596101266,0,609.978050633,45.1981265823,0,564.666873418,0,136.649772152,64.5135063291,72.0576708861,1072.18253165,
../benchmarks/depth_fusion86,1,1,0,0,64,0,2,0,1,1,2,2,0,0,1,61,32,57,33,4.13902E-005,45.6374,15125,687339,198,41,133.38,P,N,Y,86,depth_fusion86_timing.csv,300.934949367,0,611.077734177,45.1453164557,0,565.819620253,0,122.003265823,64.5081518987,57.4176455696,1056.98531646,
../benchmarks/depth_fusion87,1,1,0,0,64,0,2,0,1,1,2,2,0,1,1,61,31,57,33,3.41222E-005,44.6498,15094,699335,200,41,137.85,P,N,Y,87,depth_fusion87_timing.csv,301.093101266,0,609.97135443,45.1879493671,0,564.66835443,0,120.651873418,64.4471265823,56.1263670886,1054.63607595,
../benchmarks/depth_fusion88,1,1,0,0,64,0,2,0,1,2,1,1,0,0,1,85,43,75,66,2.07577E-005,65.6155,22606,951342,292,82,131.8,P,N,Y,88,depth_fusion88_timing.csv,297.632886076,0,622.505544304,46.4850632911,0,575.902658228,0,151.812708861,69.4369113924,82.2962151899,1094.02291139,
../benchmarks/depth_fusion89,1,1,0,0,64,0,2,0,1,2,1,1,0,1,1,84,42,69,66,1.76604E-005,63.6483,22537,914080,282,82,137.08,P,N,Y,89,depth_fusion89_timing.csv,300.68543038,0,609.423658228,45.1237088608,0,564.186265823,0,144.236101266,64.3215949367,79.837721519,1077.28822785,
../benchmarks/depth_fusion90,1,1,0,0,64,0,2,0,1,2,1,2,0,0,1,85,43,75,66,2.03802E-005,55.8781,22600,952206,294,82,133.17,P,N,Y,90,depth_fusion90_timing.csv,300.015139241,0,609.595063291,45.1001518987,0,564.383278481,0,134.517468354,64.4843291139,69.9574556962,1067.03037975,
../benchmarks/depth_fusion91,1,1,0,0,64,0,2,0,1,2,1,2,0,1,1,84,42,69,66,1.73334E-005,54.8824,22555,914944,284,82,136.91,P,N,Y,91,depth_fusion91_timing.csv,303.609873418,0,609.274582278,44.9159873418,0,564.245759494,0,133.234392405,64.4530253165,68.7035822785,1069.09379747,
../benchmarks/depth_fusion92,1,1,0,0,64,0,2,0,1,2,2,1,0,0,1,86,44,75,66,1.90189E-005,57.8765,22691,954926,292,82,132.87,P,N,Y,92,depth_fusion92_timing.csv,300.880303797,0,624.816151899,46.5625443038,0,578.135518987,0,143.936860759,70.9946329114,72.863,1091.86911392,
../benchmarks/depth_fusion93,1,1,0,0,64,0,2,0,1,2,2,1,0,1,1,85,43,71,66,1.70063E-005,58.2529,22696,917664,284,82,133.01,P,N,Y,93,depth_fusion93_timing.csv,303.914265823,0,609.879303797,45.2017594937,0,564.562962025,0,137.437278481,64.4124177215,72.9487468354,1074.14987342,
../benchmarks/depth_fusion94,1,1,0,0,64,0,2,0,1,2,2,2,0,0,1,86,44,75,66,1.86693E-005,48.5855,22780,955918,294,82,133.1,P,N,Y,94,depth_fusion94_timing.csv,300.963088608,0,609.958291139,45.0624810127,0,564.781240506,0,125.597911392,64.4337088608,61.0864050633,1059.47594937,
../benchmarks/depth_fusion95,1,1,0,0,64,0,2,0,1,2,2,2,0,1,1,85,43,71,66,1.66793E-005,49.5342,22748,918656,286,82,132.2,P,N,Y,95,depth_fusion95_timing.csv,301.356683544,0,610.951582278,45.0383797468,0,565.798974684,0,126.751443038,64.512835443,62.1611392405,1061.95911392,
../benchmarks/depth_fusion96,1,1,0,0,64,0,2,0,2,1,1,1,0,0,1,76,39,72,59,4.11631E-005,59.4452,20193,917817,278,74,137.11,P,N,Y,96,depth_fusion96_timing.csv,299.532037975,0,617.966683544,46.3299240506,0,571.522405063,0,142.935873418,68.1606708861,74.6978987342,1082.43151899,
../benchmarks/depth_fusion97,1,1,0,0,64,0,2,0,2,1,1,1,0,1,1,74,37,68,59,3.67616E-005,59.6351,19920,878879,267,74,136.87,P,N,Y,97,depth_fusion97_timing.csv,298.346278481,0,621.99521519,46.4786835443,0,575.397974684,0,144.629746835,69.6893924051,74.8603164557,1086.69924051,
../benchmarks/depth_fusion98,1,1,0,0,64,0,2,0,2,1,1,2,0,0,1,74,38,69,59,4.13902E-005,48.3456,19849,820905,258,74,136.79,P,N,Y,98,depth_fusion98_timing.csv,295.861898734,0,623.760455696,46.5348734177,0,577.112101266,0,131.396797468,70.5037594937,60.8154936709,1073.03202532,
../benchmarks/depth_fusion99,1,1,0,0,64,0,2,0,2,1,1,2,0,1,1,73,37,66,59,3.69657E-005,50.3552,19731,790340,251,74,131.01,P,N,Y,99,depth_fusion99_timing.csv,301.518582278,0,609.838329114,45.2089240506,0,564.514544304,0,127.799835443,64.6034683544,63.1184683544,1062.05962025,
../benchmarks/depth_fusion100,1,1,0,0,64,0,2,0,2,1,2,1,0,0,1,74,38,67,59,4.13902E-005,52.15,19961,820878,257,74,130.47,P,N,Y,100,depth_fusion100_timing.csv,299.636670886,0,623.569113924,46.6945696203,0,576.760303797,0,134.912506329,69.4083670886,65.4266582278,1080.16075949,
../benchmarks/depth_fusion101,1,1,0,0,64,0,2,0,2,1,2,1,0,1,1,73,37,65,59,3.98092E-005,50.3298,19843,790377,249,74,136.79,P,N,Y,101,depth_fusion101_timing.csv,301.599683544,0,610.309949367,45.1260886076,0,565.06935443,0,127.602987342,64.4744177215,63.0513924051,1062.42708861,
../benchmarks/depth_fusion102,1,1,0,0,64,0,2,0,2,1,2,2,0,0,1,74,38,69,59,4.43466E-005,39.9639,19900,820777,258,74,132.99,P,N,Y,102,depth_fusion102_timing.csv,301.828962025,0,610.294379747,45.0979493671,0,565.083797468,0,114.72121519,64.4400253165,50.2055189873,1049.87506329,
../benchmarks/depth_fusion103,1,1,0,0,64,0,2,0,2,1,2,2,0,1,1,73,37,66,59,3.98092E-005,40.1566,19755,790212,250,74,133.03,P,N,Y,103,depth_fusion103_timing.csv,298.949075949,0,623.137797468,46.5585316456,0,576.462493671,0,120.609316456,69.9247594937,50.6065189873,1065.08278481,
../benchmarks/depth_fusion112,1,1,0,0,64,0,2,1,1,1,1,1,0,0,1,61,33,57,33,0.000176413,3804.11,21150,1125505,225,41,123.9,P,N,Y,112,depth_fusion112_timing.csv,299.424531646,0,619.630316456,46.4168860759,0,573.095075949,0,4800.64518987,69.6618607595,4730.89253165,5741.5378481,
../benchmarks/depth_fusion113,1,1,0,0,64,0,2,1,1,1,1,1,0,1,1,53,27,39,33,0.000152892,63.4299,12947,670523,160,41,129.81,P,N,Y,113,depth_fusion113_timing.csv,295.993265823,0,619.902493671,46.3017468354,0,573.485050633,0,150.73343038,71.3173164557,79.336721519,1088.98544304,
../benchmarks/depth_fusion114,1,1,0,0,64,0,2,1,1,1,1,2,0,0,1,61,32,51,33,0.000177456,4185.96,21033,868937,192,41,112.35,P,N,Y,114,depth_fusion114_timing.csv,305.054329114,0,620.36035443,46.1809620253,0,574.060822785,0,5276.10620253,66.936443038,5209.07670886,6223.99341772,
../benchmarks/depth_fusion115,1,1,0,0,64,0,2,1,1,1,1,2,0,1,1,52,26,39,33,0.000153795,52.084,12934,615844,156,41,129.18,P,N,Y,115,depth_fusion115_timing.csv,303.689443038,0,610.495379747,45.0725063291,0,565.309265823,0,129.898949367,64.4497721519,65.3716962025,1067.00544304,
../benchmarks/depth_fusion116,1,1,0,0,64,0,2,1,1,1,2,1,0,0,1,62,33,50,33,0.000165626,4230.39,21275,871193,191,41,111.2,P,N,Y,116,depth_fusion116_timing.csv,301.378151899,0,619.88164557,46.5546455696,0,573.210240506,0,5349.14164557,68.0445822785,5281.00468354,6292.26405063,
../benchmarks/depth_fusion117,1,1,0,0,64,0,2,1,1,1,2,1,0,1,1,53,27,39,33,0.000136543,58.0051,13063,633938,153,41,127.79,P,N,Y,117,depth_fusion117_timing.csv,300.208721519,0,611.063696203,45.1585443038,0,565.790924051,0,137.38464557,64.4706075949,72.8351772152,1071.66620253,
../benchmarks/depth_fusion118,1,1,0,0,64,0,2,1,1,1,2,2,0,0,1,61,32,51,33,0.000165561,3869.49,21160,868425,194,41,121.16,P,N,Y,118,depth_fusion118_timing.csv,299.200088608,0,619.642594937,46.3788734177,0,573.146379747,0,4875.77493671,68.7943164557,4806.89050633,5816.39278481,
../benchmarks/depth_fusion119,1,1,0,0,64,0,2,1,1,1,2,2,0,1,1,52,26,40,33,0.000136489,43.2295,12956,631301,156,41,137.34,P,N,Y,119,depth_fusion119_timing.csv,299.658974684,0,609.753974684,45.2404050633,0,564.401405063,0,119.052746835,64.5155822785,54.4601139241,1051.46696203,
../benchmarks/depth_fusion121,1,1,0,0,64,0,2,1,1,2,1,1,0,1,1,74,36,55,66,4.12134E-005,68.5725,20636,876306,238,82,124.26,P,N,Y,121,depth_fusion121_timing.csv,304.833063291,0,610.730151899,45.2671012658,0,565.350316456,0,151.030873418,64.4303924051,86.523556962,1089.51607595,
../benchmarks/depth_fusion123,1,1,0,0,64,0,2,1,1,2,1,2,0,1,1,74,36,55,66,3.03376E-005,57.1016,20677,877170,240,82,128.15,P,N,Y,123,depth_fusion123_timing.csv,300.113151899,0,621.498227848,46.5794303797,0,574.803341772,0,142.202860759,70.4832658228,71.6410759494,1086.42911392,
../benchmarks/depth_fusion125,1,1,0,0,64,0,2,1,1,2,2,1,0,1,1,76,37,57,66,2.97652E-005,61.0105,20873,879890,240,82,123.07,P,N,Y,125,depth_fusion125_timing.csv,301.349607595,0,610.437151899,45.0031012658,0,565.318734177,0,140.850443038,64.4136455696,76.3587594937,1075.54898734,
../benchmarks/depth_fusion127,1,1,0,0,64,0,2,1,1,2,2,2,0,1,1,76,37,57,66,2.33543E-005,50.8812,20848,880882,242,82,123.96,P,N,Y,127,depth_fusion127_timing.csv,299.381670886,0,621.971303797,46.399443038,0,575.454886076,0,134.278468354,70.230556962,63.9680126582,1077.51303797,
../benchmarks/depth_fusion129,1,1,0,0,64,0,2,1,2,1,1,1,0,1,1,66,33,48,66,0.000147047,75.1925,19035,786482,216,82,102.07,P,N,Y,129,depth_fusion129_timing.csv,301.278303797,0,609.677075949,45.1063670886,0,564.455025316,0,158.546164557,64.468164557,93.9995316456,1092.40417722,
../benchmarks/depth_fusion131,1,1,0,0,64,0,2,1,2,1,1,2,0,1,1,66,32,48,66,0.000147863,56.0028,18988,735182,211,82,112.05,P,N,Y,131,depth_fusion131_timing.csv,301.203670886,0,609.856050633,45.0718101266,0,564.669265823,0,134.600658228,64.4195189873,70.1041772152,1068.56531646,
../benchmarks/depth_fusion133,1,1,0,0,64,0,2,1,2,1,2,1,0,1,1,66,33,47,66,0.000159237,63.7793,19115,735007,210,82,100.63,P,N,Y,133,depth_fusion133_timing.csv,300.281075949,0,610.898531646,45.062,0,565.722139241,0,144.628670886,64.5329746835,80.0188860759,1078.74303797,
../benchmarks/depth_fusion135,1,1,0,0,64,0,2,1,2,1,2,2,0,1,1,66,32,48,66,0.000159237,46.8535,19055,735054,211,82,105.66,P,N,Y,135,depth_fusion135_timing.csv,304.703810127,0,611.495303797,45.2155443038,0,566.166367089,0,123.777050633,64.424835443,59.2755949367,1062.91873418,
../benchmarks/depth_fusion144,1,1,0,0,64,1,0,0,1,1,1,1,0,0,1,55,28,56,31,4.76837E-005,7998.57,15249,1148237,241,39,133.45,P,N,Y,144,depth_fusion144_timing.csv,299.604493671,0,618.59856962,46.3842531646,0,572.094974684,0,10007.4221519,69.1166202532,9938.20620253,10947.4307595,
../benchmarks/depth_fusion145,1,1,0,0,64,1,0,0,1,1,1,1,0,1,1,57,29,63,31,4.76837E-005,7949.55,15345,1172186,246,39,133.19,P,N,Y,145,depth_fusion145_timing.csv,298.744303797,0,618.474392405,46.3826962025,0,571.971886076,0,9948.09481013,69.9915949367,9878.00936709,10887.1950633,
../benchmarks/depth_fusion146,1,1,0,0,64,1,0,0,1,1,1,1,1,0,1,56,29,93,31,3.28915E-005,2088.67,22217,2728002,397,39,131.06,P,N,Y,146,depth_fusion146_timing.csv,298.151,0,619.672303797,46.4034050633,0,573.150506329,0,2658.75417722,69.7251139241,2588.93822785,3598.22797468,
../benchmarks/depth_fusion152,1,1,0,0,64,1,0,0,2,1,1,1,0,0,1,68,35,69,55,4.76837E-005,4212.41,20230,1428096,307,70,132.94,P,N,Y,152,depth_fusion152_timing.csv,304.489632911,0,619.991911392,46.1847468354,0,573.688873418,0,5309.53329114,67.0505189873,5242.39012658,6256.7678481,
../benchmarks/depth_fusion153,1,1,0,0,64,1,0,0,2,1,1,1,0,1,1,70,36,76,55,4.14848E-005,4075.74,20078,1376265,305,70,136.87,P,N,Y,153,depth_fusion153_timing.csv,303.532886076,0,620.266316456,46.2272151899,0,573.921126582,0,5154.51936709,68.2280506329,5086.19772152,6100.77379747,
../benchmarks/depth_fusion160,1,1,0,0,64,1,0,1,1,1,1,1,0,0,1,53,28,37,31,0.000190735,3674.42,19316,630480,157,39,125.61,P,N,Y,160,depth_fusion160_timing.csv,298.514746835,0,618.381974684,46.5115316456,0,571.754708861,0,4649.12113924,69.6861772152,4579.3435443,5587.8078481,
../benchmarks/depth_fusion161,1,1,0,0,64,1,0,1,1,1,1,1,0,1,1,51,26,52,31,0.000190735,7545.06,13789,1024052,198,39,133.45,P,N,Y,161,depth_fusion161_timing.csv,299.453075949,0,618.669405063,46.4059367089,0,572.145746835,0,9490.81873418,67.2286962025,9423.49683544,10431.4383544,
../benchmarks/depth_fusion162,1,1,0,0,64,1,0,1,1,1,1,1,1,0,1,47,23,90,31,0.000131566,1150.4,12406,2607936,397,39,128.68,P,N,Y,162,depth_fusion162_timing.csv,300.823468354,0,620.314025316,46.4811012658,0,573.716177215,0,1505.06011392,70.6996582278,1434.27343038,2448.07924051,
../benchmarks/depth_fusion163,1,1,0,0,64,1,0,1,1,1,1,1,1,1,1,49,24,97,31,0.000131566,7568.33,14255,2968300,397,39,133.01,P,N,Y,163,depth_fusion163_timing.csv,298.669696203,0,620.615848101,46.4929493671,0,574.00421519,0,9496.35594937,68.7177974684,9427.54329114,10437.3779747,
../benchmarks/depth_fusion165,1,1,0,0,64,1,0,1,1,2,1,1,0,1,1,73,36,61,63,0.000190735,8278.16,23383,1580400,310,78,127.38,P,N,Y,165,depth_fusion165_timing.csv,296.529253165,0,619.265316456,46.5169367089,0,572.629037975,0,10358.0629114,70.4395696203,10287.5349367,11296.0287342,
../benchmarks/depth_fusion169,1,1,0,0,64,1,0,1,2,1,1,1,0,1,1,67,35,62,63,0.000165838,26.5537,18286,718993,206,78,106.74,P,N,Y,169,depth_fusion169_timing.csv,300.815810127,0,610.550898734,45.1367468354,0,565.300278481,0,98.4250126582,64.5062025316,33.8425949367,1032.73392405,
../benchmarks/depth_fusion171,1,1,0,0,64,1,0,1,2,1,1,1,1,1,1,63,31,99,63,0.000107643,22.4805,18489,2630459,397,78,106.06,P,N,Y,171,depth_fusion171_timing.csv,299.507227848,0,624.376202532,46.4719493671,0,577.788949367,0,99.3640632911,70.624721519,28.6609493671,1045.16,
../benchmarks/depth_fusion176,1,1,0,0,64,1,1,0,1,1,1,1,0,0,1,62,33,47,31,4.59867E-005,2051.71,22151,679318,189,39,125.72,P,N,Y,176,depth_fusion176_timing.csv,300.007101266,0,619.252367089,46.5014303797,0,572.634518987,0,2664.0164557,70.6221139241,2593.3035443,3605.26329114,
../benchmarks/depth_fusion177,1,1,0,0,64,1,1,0,1,1,1,1,0,1,1,59,30,53,31,3.97619E-005,1356.25,14640,628274,188,39,128.86,P,N,Y,177,depth_fusion177_timing.csv,299.945746835,0,619.381696203,46.6566202532,0,572.606088608,0,1766.88101266,68.4846835443,1698.30734177,2707.84151899,
../benchmarks/depth_fusion178,1,1,0,0,64,1,1,0,1,1,1,1,1,0,1,57,28,100,31,0.000032878,1117.98,15239,2639607,397,39,132.9,P,N,Y,178,depth_fusion178_timing.csv,297.522860759,0,618.960202532,46.4923164557,0,572.35078481,0,1459.80686076,69.760278481,1389.95918987,2398.09316456,
../benchmarks/depth_fusion179,1,1,0,0,64,1,1,0,1,1,1,1,1,1,1,57,28,100,31,2.84826E-005,1135.09,15484,2634319,397,39,133.26,P,N,Y,179,depth_fusion179_timing.csv,298.917025316,0,619.575101266,46.5481265823,0,572.911518987,0,1483.83979747,69.1012531646,1414.65264557,2424.32405063,
../benchmarks/depth_fusion180,1,1,0,0,64,1,1,0,1,1,1,2,0,0,1,62,33,50,31,4.28206E-005,1995.22,22244,678382,193,39,132.88,P,N,Y,180,depth_fusion180_timing.csv,295.823240506,0,619.479139241,46.5926582278,0,572.76878481,0,2597.59088608,70.5593164557,2526.94202532,3535.11518987,
../benchmarks/depth_fusion181,1,1,0,0,64,1,1,0,1,1,1,2,0,1,1,59,30,55,31,3.97619E-005,1299.98,14636,629355,189,39,133.42,P,N,Y,181,depth_fusion181_timing.csv,300.92378481,0,621.107759494,46.5996582278,0,574.392189873,0,1698.52493671,70.5610632911,1627.87593671,2642.72531646,
../benchmarks/depth_fusion184,1,1,0,0,64,1,1,0,1,1,2,1,0,0,1,63,33,49,31,4.28206E-005,1943.03,22327,678614,192,39,135.86,P,N,Y,184,depth_fusion184_timing.csv,303.424392405,0,622.718,45.9757721519,0,576.623455696,0,2525.94329114,68.0927468354,2457.75936709,3474.8521519,
../benchmarks/depth_fusion185,1,1,0,0,64,1,1,0,1,1,2,1,0,1,1,59,30,55,31,3.65315E-005,1351.86,14755,629454,191,39,128.46,P,N,Y,185,depth_fusion185_timing.csv,304.178455696,0,614.485873418,45.3738987342,0,568.99835443,0,1754.63658228,68.4075443038,1686.14151899,2695.9756962,
../benchmarks/depth_fusion188,1,1,0,0,64,1,1,0,1,1,2,2,0,0,1,62,33,50,31,4.28206E-005,1996.8,22260,677870,193,39,130.63,P,N,Y,188,depth_fusion188_timing.csv,296.547734177,0,616.703265823,46.2035063291,0,570.383202532,0,2596.07189873,69.175278481,2526.80544304,3531.57139241,
../benchmarks/depth_fusion189,1,1,0,0,64,1,1,0,1,1,2,2,0,1,1,59,30,56,31,3.65315E-005,1296.87,14697,628843,192,39,132.99,P,N,Y,189,depth_fusion189_timing.csv,300.633531646,0,617.188493671,46.3645949367,0,570.710607595,0,1694.86,70.570835443,1624.20264557,2634.79392405,
../benchmarks/depth_fusion193,1,1,0,0,64,1,1,0,1,2,1,1,0,1,1,83,41,75,63,0.000017997,1355.2,22592,969040,303,78,135.33,P,N,Y,193,depth_fusion193_timing.csv,298.473075949,0,616.903936709,46.1080379747,0,570.680303797,0,1760.74303797,69.7264810127,1690.92936709,2698.27594937,
../benchmarks/depth_fusion197,1,1,0,0,64,1,1,0,1,2,1,2,0,1,1,83,41,75,63,1.76698E-005,1364.46,22601,969898,305,78,133.54,P,N,Y,197,depth_fusion197_timing.csv,300.247113924,0,620.293949367,46.5251898734,0,573.651443038,0,1778.57607595,69.6936075949,1708.79303797,2720.67734177,
../benchmarks/depth_fusion201,1,1,0,0,64,1,1,0,1,2,2,1,0,1,1,83,42,75,63,1.76673E-005,1333.49,22731,972624,305,78,136.81,P,N,Y,201,depth_fusion201_timing.csv,299.323063291,0,609.617911392,45.2205316456,0,564.284620253,0,1725.60443038,65.9540379747,1659.56417722,2657.35531646,
../benchmarks/depth_fusion205,1,1,0,0,64,1,1,0,1,2,2,2,0,1,1,83,42,75,63,1.73425E-005,1319.84,22769,973610,307,78,137.23,P,N,Y,205,depth_fusion205_timing.csv,300.744316456,0,620.166860759,46.573556962,0,573.476050633,0,1721.89493671,68.9206582278,1652.88721519,2665.05797468,
../benchmarks/depth_fusion209,1,1,0,0,64,1,1,0,2,1,1,1,0,1,1,71,36,63,55,3.95758E-005,850.592,19282,743146,244,70,133.01,P,N,Y,209,depth_fusion209_timing.csv,298.32256962,0,618.078670886,46.4104050633,0,571.551924051,0,1136.32273418,71.2991772152,1064.93702532,2074.5521519,
../benchmarks/depth_fusion213,1,1,0,0,64,1,1,0,2,1,1,2,0,1,1,71,36,66,55,3.95758E-005,840.747,19244,744075,246,70,132.89,P,N,Y,213,depth_fusion213_timing.csv,299.772848101,0,609.008683544,45.4225949367,0,563.47256962,0,1119.56456962,65.7194050633,1053.76097468,2051.24151899,
../benchmarks/depth_fusion217,1,1,0,0,64,1,1,0,2,1,2,1,0,1,1,71,36,64,55,4.26201E-005,821.649,19250,744174,245,70,136.78,P,N,Y,217,depth_fusion217_timing.csv,303.668075949,0,609.649746835,45.1615443038,0,564.375582278,0,1090.88683544,64.599835443,1026.20250633,2027.16670886,
../benchmarks/depth_fusion221,1,1,0,0,64,1,1,0,2,1,2,2,0,1,1,71,36,66,55,4.26201E-005,809.584,19257,743947,246,70,136.78,P,N,Y,221,depth_fusion221_timing.csv,302.640556962,0,621.415,46.0993037975,0,575.196898734,0,1080.16717722,67.5882911392,1012.49008861,2027.12379747,
../benchmarks/depth_fusion240,1,1,0,0,64,1,1,1,1,1,1,1,0,0,1,60,32,50,31,0.000177526,4198.57,20374,924218,196,39,110.69,P,N,Y,240,depth_fusion240_timing.csv,299.012063291,0,618.131746835,46.2795063291,0,571.736405063,0,5289.97974684,68.8222911392,5221.06670886,6228.86202532,
../benchmarks/depth_fusion241,1,1,0,0,64,1,1,1,1,1,1,1,0,1,1,53,27,42,31,0.000159048,1030.05,12673,593184,149,39,125.67,P,N,Y,241,depth_fusion241_timing.csv,304.348822785,0,613.496708861,46.0971898734,0,567.282734177,0,1358.21589873,67.4381265823,1290.69234177,2298.38924051,
../benchmarks/depth_fusion242,1,1,0,0,64,1,1,1,1,1,1,1,1,0,1,51,25,98,31,0.000130704,1197.23,13628,2865181,397,39,127.35,P,N,Y,242,depth_fusion242_timing.csv,300.91235443,0,655.156556962,52.7773291139,0,602.263240506,0,1932.99924051,70.1223797468,1862.78788608,2911.99265823,
../benchmarks/depth_fusion243,1,1,0,0,64,1,1,1,1,1,1,1,1,1,1,51,25,90,31,0.00011393,1097.54,12849,2607621,397,39,117.59,P,N,Y,243,depth_fusion243_timing.csv,298.343835443,0,619.62564557,46.5425063291,0,572.967443038,0,1436.34574684,68.7382025316,1367.51975949,2376.09164557,
../benchmarks/depth_fusion244,1,1,0,0,64,1,1,1,1,1,1,2,0,0,1,60,32,44,31,0.000171282,3789.11,20444,670953,167,39,122.56,P,N,Y,244,depth_fusion244_timing.csv,307.347759494,0,621.784025316,46.3698227848,0,575.296088608,0,4801.00037975,65.2199113924,4735.68936709,5752.57240506,
../benchmarks/depth_fusion245,1,1,0,0,64,1,1,1,1,1,1,2,0,1,1,53,26,44,31,0.000159048,960.853,12637,592661,150,39,133.19,P,N,Y,245,depth_fusion245_timing.csv,304.581506329,0,609.104341772,45.2353924051,0,563.756594937,0,1268.59855696,64.4905696203,1204.02412658,2205.29265823,
../benchmarks/depth_fusion246,1,1,0,0,64,1,1,1,1,1,1,2,1,0,1,51,25,91,31,0.000122694,1207.85,12966,2616983,397,39,125.12,P,N,Y,246,depth_fusion246_timing.csv,300.445936709,0,612.351,45.5736455696,0,566.661227848,0,1573.15658228,68.5869367089,1504.48036709,2508.62518987,
../benchmarks/depth_fusion247,1,1,0,0,64,1,1,1,1,1,1,2,1,1,1,51,25,91,31,0.00011393,979.02,12853,2607156,397,39,130.36,P,N,Y,247,depth_fusion247_timing.csv,299.133316456,0,620.085075949,46.4795822785,0,573.490835443,0,1289.66375949,70.136164557,1219.44224051,2230.83189873,
../benchmarks/depth_fusion248,1,1,0,0,64,1,1,1,1,1,2,1,0,0,1,60,32,43,31,0.000171282,3738.35,20552,671097,166,39,124.25,P,N,Y,248,depth_fusion248_timing.csv,301.189202532,0,611.234860759,45.1572151899,0,565.963443038,0,4701.84202532,64.1944556962,4637.55822785,5637.10835443,
../benchmarks/depth_fusion249,1,1,0,0,64,1,1,1,1,1,2,1,0,1,1,53,27,43,31,0.000146126,963.191,12793,592672,152,39,133.36,P,N,Y,249,depth_fusion249_timing.csv,304.976113924,0,620.907075949,45.9523037975,0,574.838493671,0,1266.39882278,66.6556202532,1199.65501266,2215.17481013,
../benchmarks/depth_fusion250,1,1,0,0,64,1,1,1,1,1,2,1,1,0,1,52,25,91,31,0.000122694,1271.71,13052,2616794,397,39,119.07,P,N,Y,250,depth_fusion250_timing.csv,299.597417722,0,618.100367089,46.375278481,0,571.607683544,0,1651.85746835,70.1049620253,1581.64717722,2591.37734177,
../benchmarks/depth_fusion251,1,1,0,0,64,1,1,1,1,1,2,1,1,1,1,51,25,90,31,0.00010508,934.668,12993,2606949,397,39,137.02,P,N,Y,251,depth_fusion251_timing.csv,304.762582278,0,609.999746835,45.4019367089,0,564.48443038,0,1235.74541772,64.5799240506,1171.07962025,2173.42848101,
../benchmarks/depth_fusion252,1,1,0,0,64,1,1,1,1,1,2,2,0,0,1,60,32,44,31,0.000171282,3863.78,20474,670441,167,39,119.8,P,N,Y,252,depth_fusion252_timing.csv,304.457924051,0,618.898113924,46.0419620253,0,572.735746835,0,4886.30037975,67.9639493671,4818.24379747,5832.52392405,
../benchmarks/depth_fusion253,1,1,0,0,64,1,1,1,1,1,2,2,0,1,1,53,27,45,31,0.000146126,947.822,12722,592149,153,39,133.97,P,N,Y,253,depth_fusion253_timing.csv,296.846101266,0,619.272746835,46.3611265823,0,572.796974684,0,1251.18088608,72.659,1178.43537975,2189.46291139,
../benchmarks/depth_fusion254,1,1,0,0,64,1,1,1,1,1,2,2,1,0,1,52,25,92,31,0.000122694,1186.44,12978,2616438,397,39,126.4,P,N,Y,254,depth_fusion254_timing.csv,303.263518987,0,619.015075949,46.4063164557,0,572.490582278,0,1547.76962025,68.5307721519,1479.15105063,2492.62848101,
../benchmarks/depth_fusion255,1,1,0,0,64,1,1,1,1,1,2,2,1,1,1,51,25,92,31,0.00010508,942.101,12957,2606574,397,39,134.35,P,N,Y,255,depth_fusion255_timing.csv,300.268683544,0,611.107936709,45.4218607595,0,565.570556962,0,1239.3941519,67.4575443038,1171.84956962,2173.47949367,
../benchmarks/depth_fusion257,1,1,0,0,64,1,1,1,1,2,1,1,0,1,1,73,36,57,63,4.19929E-005,1008.96,20654,896031,244,78,134.55,P,N,Y,257,depth_fusion257_timing.csv,301.130886076,0,619.859177215,45.9248481013,0,573.815898734,0,1324.32424051,69.0566582278,1255.17992405,2268.02987342,
../benchmarks/depth_fusion261,1,1,0,0,64,1,1,1,1,2,1,2,0,1,1,73,36,57,63,4.12294E-005,1018.1,20650,896889,246,78,132.11,P,N,Y,261,depth_fusion261_timing.csv,304.275050633,0,610.022886076,45.7567594937,0,564.150405063,0,1335.72973418,67.691164557,1267.95259494,2272.87556962,
../benchmarks/depth_fusion265,1,1,0,0,64,1,1,1,1,2,2,1,0,1,1,74,36,58,63,3.09221E-005,984.867,20806,899615,246,78,136.83,P,N,Y,265,depth_fusion265_timing.csv,300.312265823,0,619.42556962,46.4911772152,0,572.819696203,0,1295.45675949,69.3468987342,1226.02243038,2236.94126582,
../benchmarks/depth_fusion269,1,1,0,0,64,1,1,1,1,2,2,2,0,1,1,74,36,58,63,3.03494E-005,1017.38,20829,900601,248,78,131.21,P,N,Y,269,depth_fusion269_timing.csv,300.990443038,0,619.673278481,46.5083670886,0,573.044582278,0,1337.30020253,70.7905696203,1266.42097468,2279.88721519,
../benchmarks/depth_fusion273,1,1,0,0,64,1,1,1,2,1,1,1,0,1,1,67,34,51,63,0.000158303,68.002,18476,696866,200,78,106.75,P,N,Y,273,depth_fusion273_timing.csv,301.378898734,0,610.309797468,45.0134303797,0,565.182556962,0,149.685113924,64.6129367089,84.9952278481,1084.31721519,
../benchmarks/depth_fusion275,1,1,0,0,64,1,1,1,2,1,1,1,1,1,1,64,31,94,63,9.44086E-005,66.8583,18867,2613275,397,78,104.11,P,N,Y,275,depth_fusion275_timing.csv,300.303367089,0,610.495594937,45.1961772152,0,565.187367089,0,148.332113924,64.5955063291,83.6598227848,1082.12886076,
../benchmarks/depth_fusion277,1,1,0,0,64,1,1,1,2,1,1,2,0,1,1,67,34,53,63,0.000158303,53.6097,18409,696404,201,78,108.33,P,N,Y,277,depth_fusion277_timing.csv,295.901835443,0,621.586493671,46.3946075949,0,575.072949367,0,138.328556962,71.1192278481,67.1296582278,1077.57493671,
../benchmarks/depth_fusion279,1,1,0,0,64,1,1,1,2,1,1,2,1,1,1,64,31,95,63,9.44086E-005,55.5109,18830,2612609,397,78,98.17,P,N,Y,279,depth_fusion279_timing.csv,305.011113924,0,609.978848101,45.1628734177,0,564.701151899,0,134.608949367,64.5901772152,69.9410759494,1072.47924051,
../benchmarks/depth_fusion281,1,1,0,0,64,1,1,1,2,1,2,1,0,1,1,67,34,51,63,0.00017048,57.6545,18466,696354,200,78,109.08,P,N,Y,281,depth_fusion281_timing.csv,298.216177215,0,610.056443038,45.4696582278,0,564.472164557,0,139.927177215,67.6864303797,72.1626962025,1071.23696203,
../benchmarks/depth_fusion283,1,1,0,0,64,1,1,1,2,1,2,1,1,1,1,64,31,94,63,0.000101671,54.9842,18864,2612763,397,78,108.02,P,N,Y,283,depth_fusion283_timing.csv,301.456113924,0,609.108620253,45.0465063291,0,563.946518987,0,133.125607595,64.3630759494,68.6863291139,1066.66962025,
../benchmarks/depth_fusion285,1,1,0,0,64,1,1,1,2,1,2,2,0,1,1,67,34,53,63,0.00017048,44.7634,18395,696276,201,78,106.32,P,N,Y,285,depth_fusion285_timing.csv,295.753670886,0,619.811518987,46.2933037975,0,573.403050633,0,127.050886076,70.8153924051,56.157443038,1064.79759494,
../benchmarks/depth_fusion287,1,1,0,0,64,1,1,1,2,1,2,2,1,1,1,64,31,95,63,0.000101671,42.9932,18830,2612097,397,78,104.13,P,N,Y,287,depth_fusion287_timing.csv,298.321594937,0,621.818088608,46.6023417722,0,575.099278481,0,126.08464557,71.8271898734,54.1807088608,1068.42810127,
../benchmarks/depth_fusion304,1,1,0,0,64,1,2,0,1,1,1,1,0,0,1,62,32,59,31,4.41033E-005,64.1093,14836,778975,217,39,137.38,P,N,Y,304,depth_fusion304_timing.csv,301.516493671,0,611.382240506,45.1972025316,0,566.069911392,0,144.857468354,64.5229746835,80.2568860759,1080.76924051,
../benchmarks/depth_fusion305,1,1,0,0,64,1,2,0,1,1,1,1,0,1,1,62,32,55,31,3.82229E-005,61.245,14860,767331,216,39,137.21,P,N,Y,305,depth_fusion305_timing.csv,302.46435443,0,610.104670886,45.152443038,0,564.837632911,0,141.33621519,64.4274683544,76.8312658228,1076.9564557,
../benchmarks/depth_fusion308,1,1,0,0,64,1,2,0,1,1,1,2,0,0,1,60,31,56,31,0.000044364,54.8467,14567,687524,197,39,133.2,P,N,Y,308,depth_fusion308_timing.csv,303.104620253,0,612.053936709,45.6902025316,0,566.248582278,0,136.44878481,67.4909113924,68.878835443,1074.33139241,
../benchmarks/depth_fusion309,1,1,0,0,64,1,2,0,1,1,1,2,0,1,1,60,31,54,31,3.84488E-005,51.8264,14617,675403,197,39,133.35,P,N,Y,309,depth_fusion309_timing.csv,295.055848101,0,620.935886076,46.6778734177,0,574.140835443,0,134.644202532,69.3180126582,65.2458101266,1072.18607595,
../benchmarks/depth_fusion310,1,1,0,0,64,1,2,0,1,1,1,2,1,0,1,58,29,98,31,3.26625E-005,54.4584,15054,2675043,397,39,129.36,P,N,Y,310,depth_fusion310_timing.csv,297.758468354,0,620.891139241,46.5480379747,0,574.226481013,0,136.994113924,68.7655316456,68.1494810127,1077.44291139,
../benchmarks/depth_fusion311,1,1,0,0,64,1,2,0,1,1,1,2,1,1,1,58,29,99,31,2.83075E-005,49.7774,15188,2674293,397,39,133.54,P,N,Y,311,depth_fusion311_timing.csv,300.89378481,0,617.690873418,46.2095696203,0,571.365164557,0,132.182911392,69.7478987342,62.3550632911,1073.16632911,
../benchmarks/depth_fusion312,1,1,0,0,64,1,2,0,1,1,2,1,0,0,1,61,32,55,31,4.14064E-005,56.9284,14777,689798,194,39,132.71,P,N,Y,312,depth_fusion312_timing.csv,302.507911392,0,609.804101266,45.1042658228,0,564.585848101,0,136.01943038,64.4569873418,71.484443038,1071.24607595,
../benchmarks/depth_fusion313,1,1,0,0,64,1,2,0,1,1,2,1,0,1,1,61,31,55,31,3.41356E-005,55.8287,14748,701921,196,39,135.91,P,N,Y,313,depth_fusion313_timing.csv,303.205025316,0,622.362227848,46.6987594937,0,575.543860759,0,140.464468354,70.3808860759,70.0032278481,1087.86392405,
../benchmarks/depth_fusion314,1,1,0,0,64,1,2,0,1,1,2,1,1,0,1,58,29,97,31,0.000030485,56.0473,15187,2679652,397,39,130.19,P,N,Y,314,depth_fusion314_timing.csv,299.018443038,0,610.172670886,45.6183291139,0,564.436696203,0,136.551316456,66.390443038,70.0798227848,1068.36556962,
../benchmarks/depth_fusion315,1,1,0,0,64,1,2,0,1,1,2,1,1,1,1,59,30,98,31,2.83075E-005,53.7295,15388,2677125,397,39,132.39,P,N,Y,315,depth_fusion315_timing.csv,302.021202532,0,624.571670886,46.4444810127,0,578.003949367,0,139.448936709,72.1850506329,67.1806329114,1088.55253165,
../benchmarks/depth_fusion316,1,1,0,0,64,1,2,0,1,1,2,2,0,0,1,61,31,57,31,4.13902E-005,45.9298,14694,687012,197,39,132.2,P,N,Y,316,depth_fusion316_timing.csv,302.36,0,611.580797468,45.141278481,0,566.318177215,0,122.57656962,64.8408607595,57.6553924051,1059.54481013,
../benchmarks/depth_fusion317,1,1,0,0,64,1,2,0,1,1,2,2,0,1,1,60,31,57,31,3.41222E-005,45.8026,14646,699071,199,39,133.19,P,N,Y,317,depth_fusion317_timing.csv,299.071037975,0,611.701025316,45.428556962,0,566.153379747,0,122.332151899,64.8886582278,57.3641012658,1056.00012658,
../benchmarks/depth_fusion318,1,1,0,0,64,1,2,0,1,1,2,2,1,0,1,58,29,98,31,3.04724E-005,44.603,15165,2674531,397,39,130.22,P,N,Y,318,depth_fusion318_timing.csv,302.512594937,0,611.794987342,45.347,0,566.327303797,0,120.486556962,64.5239367089,55.8844177215,1057.76063291,
../benchmarks/depth_fusion319,1,1,0,0,64,1,2,0,1,1,2,2,1,1,1,59,30,99,31,2.82958E-005,42.3684,15353,2674293,397,39,133.33,P,N,Y,319,depth_fusion319_timing.csv,304.68556962,0,612.093443038,45.2170253165,0,566.756848101,0,117.666987342,64.5119367089,53.0758101266,1057.35582278,
../benchmarks/depth_fusion320,1,1,0,0,64,1,2,0,1,2,1,1,0,0,1,84,43,75,63,2.07577E-005,63.329,22082,951030,291,78,136.83,P,N,Y,320,depth_fusion320_timing.csv,302.319329114,0,611.212696203,45.1978101266,0,565.896873418,0,143.889139241,64.5060506329,79.3041518987,1080.2964557,
../benchmarks/depth_fusion321,1,1,0,0,64,1,2,0,1,2,1,1,0,1,1,82,41,68,63,1.76604E-005,63.6415,21955,912029,281,78,136.87,P,N,Y,321,depth_fusion321_timing.csv,298.766227848,0,611.618341772,45.2119493671,0,566.287101266,0,145.222468354,65.4435316456,79.6985189873,1078.50253165,
../benchmarks/depth_fusion324,1,1,0,0,64,1,2,0,1,2,1,2,0,0,1,84,43,75,63,2.03802E-005,55.865,22102,951894,293,78,133.01,P,N,Y,324,depth_fusion324_timing.csv,304.464772152,0,612.426797468,45.4229240506,0,566.883468354,0,134.675379747,64.6529113924,69.9420126582,1074.48455696,
../benchmarks/depth_fusion325,1,1,0,0,64,1,2,0,1,2,1,2,0,1,1,82,42,68,63,1.73334E-005,56.3074,21956,912893,283,78,133.06,P,N,Y,325,depth_fusion325_timing.csv,298.587594937,0,613.145721519,45.4849240506,0,567.539746835,0,135.979556962,65.3027341772,70.5948101266,1070.54037975,
../benchmarks/depth_fusion328,1,1,0,0,64,1,2,0,1,2,2,1,0,0,1,85,43,75,63,1.90189E-005,57.7503,22177,954614,291,78,133.06,P,N,Y,328,depth_fusion328_timing.csv,303.545405063,0,612.694291139,45.1574050633,0,567.415189873,0,137.141139241,64.547556962,72.5134810127,1076.34063291,
../benchmarks/depth_fusion329,1,1,0,0,64,1,2,0,1,2,2,1,0,1,1,84,42,70,63,1.70063E-005,58.4174,22118,915613,283,78,132.41,P,N,Y,329,depth_fusion329_timing.csv,300.338177215,0,611.579101266,45.1526962025,0,566.306037975,0,138.80921519,65.4987468354,73.2311772152,1073.54075949,
../benchmarks/depth_fusion332,1,1,0,0,64,1,2,0,1,2,2,2,0,0,1,85,43,75,63,1.86693E-005,48.4989,22244,955606,293,78,133.06,P,N,Y,332,depth_fusion332_timing.csv,302.334,0,610.570367089,45.2114936709,0,565.23935443,0,125.790405063,64.8603924051,60.8488987342,1061.58405063,
../benchmarks/depth_fusion333,1,1,0,0,64,1,2,0,1,2,2,2,0,1,1,84,42,70,63,1.66793E-005,48.8459,22138,916605,285,78,133.19,P,N,Y,333,depth_fusion333_timing.csv,302.305379747,0,624.111291139,46.3596962025,0,577.626316456,0,132.209392405,70.6388607595,61.4873797468,1081.45468354,
../benchmarks/depth_fusion336,1,1,0,0,64,1,2,0,2,1,1,1,0,0,1,75,38,72,55,4.11631E-005,60.5215,19578,917370,276,70,132.87,P,N,Y,336,depth_fusion336_timing.csv,303.30221519,0,617.308594937,45.3520886076,0,571.834746835,0,141.880227848,65.7895063291,76.0091392405,1085.26050633,
../benchmarks/depth_fusion337,1,1,0,0,64,1,2,0,2,1,1,1,0,1,1,73,37,68,55,3.67616E-005,59.9711,19391,877769,266,70,135.26,P,N,Y,337,depth_fusion337_timing.csv,301.668822785,0,613.576886076,45.2333291139,0,568.223987342,0,139.745177215,64.3795443038,75.2863924051,1077.91316456,
../benchmarks/depth_fusion340,1,1,0,0,64,1,2,0,2,1,1,2,0,0,1,73,37,69,55,4.13902E-005,49.4209,19328,820464,256,70,132.97,P,N,Y,340,depth_fusion340_timing.csv,301.302708861,0,613.870544304,45.270278481,0,568.480734177,0,126.937531646,64.7068987342,62.1520632911,1065.3735443,
../benchmarks/depth_fusion341,1,1,0,0,64,1,2,0,2,1,1,2,0,1,1,72,36,65,55,3.69657E-005,48.3743,19159,789236,251,70,137.11,P,N,Y,341,depth_fusion341_timing.csv,300.42621519,0,613.659607595,45.4177594937,0,568.123189873,0,126.894217949,66.2317341772,60.8516835443,1064.20088608,
../benchmarks/depth_fusion344,1,1,0,0,64,1,2,0,2,1,2,1,0,0,1,74,37,67,55,4.13902E-005,51.4148,19438,820434,255,70,132.52,P,N,Y,344,depth_fusion344_timing.csv,304.479392405,0,613.206772152,45.1116455696,0,567.974848101,0,128.986,64.5021139241,64.4050253165,1069.57873418,
../benchmarks/depth_fusion345,1,1,0,0,64,1,2,0,2,1,2,1,0,1,1,72,36,64,55,3.98092E-005,51.3811,19279,789270,249,70,133.24,P,N,Y,345,depth_fusion345_timing.csv,305.330936709,0,612.910620253,45.1982151899,0,567.589949367,0,129.422265823,64.9423544304,64.3935443038,1070.55734177,
../benchmarks/depth_fusion348,1,1,0,0,64,1,2,0,2,1,2,2,0,0,1,73,37,69,55,4.43466E-005,38.9912,19410,820336,256,70,136.78,P,N,Y,348,depth_fusion348_timing.csv,304.242670886,0,630.142822785,46.8030632911,0,583.18678481,0,122.232822785,73.0568860759,49.0715822785,1080.10303797,
../benchmarks/depth_fusion349,1,1,0,0,64,1,2,0,2,1,2,2,0,1,1,72,36,65,55,3.98092E-005,39.1189,19175,789108,250,70,137.11,P,N,Y,349,depth_fusion349_timing.csv,306.552189873,0,625.959974684,46.0333544304,0,579.799443038,0,120.383392405,70.8493670886,49.446721519,1075.7456962,
../benchmarks/depth_fusion368,1,1,0,0,64,1,2,1,1,1,1,1,0,0,1,60,32,56,31,0.000176413,3978.7,20513,1125281,223,39,116.97,P,N,Y,368,depth_fusion368_timing.csv,303.205835443,0,665.707177215,53.7023544304,0,611.872886076,0,6244.97696203,72.4914177215,6172.37924051,7236.96202532,
../benchmarks/depth_fusion369,1,1,0,0,64,1,2,1,1,1,1,1,0,1,1,52,26,41,31,0.000152892,61.1648,12580,676778,162,39,134.28,P,N,Y,369,depth_fusion369_timing.csv,307.719126582,0,615.416126582,45.609721519,0,569.684126582,0,142.214531646,64.8770506329,77.2467721519,1088.26936709,
../benchmarks/depth_fusion371,1,1,0,0,64,1,2,1,1,1,1,1,1,1,1,52,26,90,31,0.00011253,60.304,12779,2685479,397,39,131.94,P,N,Y,371,depth_fusion371_timing.csv,301.323848101,0,615.876759494,45.4835443038,0,570.269607595,0,141.849658228,66.1767594937,75.5803417722,1081.93227848,
../benchmarks/depth_fusion372,1,1,0,0,64,1,2,1,1,1,1,2,0,0,1,60,32,50,31,0.000177456,3753.28,20335,869289,189,39,123.73,P,N,Y,372,depth_fusion372_timing.csv,312.261506329,0,621.097518987,46.2730506329,0,574.695607595,0,4771.49177215,69.1631012658,4702.22303797,5727.62316456,
../benchmarks/depth_fusion373,1,1,0,0,64,1,2,1,1,1,1,2,0,1,1,52,26,39,31,0.000153795,50.6411,12452,619828,154,39,132.6,P,N,Y,373,depth_fusion373_timing.csv,307.095797468,0,620.773392405,45.9519620253,0,574.697113924,0,130.638025316,66.4830379747,64.0679620253,1081.59911392,
../benchmarks/depth_fusion374,1,1,0,0,64,1,2,1,1,1,1,2,1,0,1,51,25,99,31,0.00013065,1162.05,13254,2815571,397,39,130.31,P,N,Y,374,depth_fusion374_timing.csv,306.774835443,0,613.518126582,45.484835443,0,567.910658228,0,1522.04679747,65.3566329114,1456.58425316,2465.33582278,
../benchmarks/depth_fusion375,1,1,0,0,64,1,2,1,1,1,1,2,1,1,1,51,25,90,31,0.00011323,50.3557,12687,2631885,397,39,128.89,P,N,Y,375,depth_fusion375_timing.csv,307.336417722,0,615.940708861,45.6553924051,0,570.16221519,0,128.51243038,64.8689746835,63.5532151899,1074.69,
../benchmarks/depth_fusion376,1,1,0,0,64,1,2,1,1,1,2,1,0,0,1,61,32,50,31,0.000165626,3749.52,20578,871161,189,39,123.88,P,N,Y,376,depth_fusion376_timing.csv,304.078316456,0,614.88264557,45.5203291139,0,569.23621519,0,4734.81759494,66.8560379747,4667.85797468,5677.53759494,
../benchmarks/depth_fusion377,1,1,0,0,64,1,2,1,1,1,2,1,0,1,1,52,26,39,31,0.000136543,56.4913,12637,637947,153,39,130.94,P,N,Y,377,depth_fusion377_timing.csv,304.746936709,0,628.134025316,46.2323924051,0,581.774063291,0,140.254025316,69.232835443,70.9293291139,1096.39544304,
../benchmarks/depth_fusion378,1,1,0,0,64,1,2,1,1,1,2,1,1,0,1,52,26,98,31,0.00012194,1248.5,13475,2817849,397,39,121.47,P,N,Y,378,depth_fusion378_timing.csv,307.900126582,0,624.856405063,46.8890379747,0,577.833202532,0,1639.75468354,71.6421012658,1568.00160759,2595.48835443,
../benchmarks/depth_fusion379,1,1,0,0,64,1,2,1,1,1,2,1,1,1,1,52,26,90,31,0.00010383,56.0798,12813,2649683,397,39,127.08,P,N,Y,379,depth_fusion379_timing.csv,307.238088608,0,615.719417722,46.0275189873,0,569.566974684,0,139.633012658,68.8164177215,70.7263797468,1085.26594937,
../benchmarks/depth_fusion380,1,1,0,0,64,1,2,1,1,1,2,2,0,0,1,60,32,51,31,0.000165561,3861.56,20523,868393,192,39,119.86,P,N,Y,380,depth_fusion380_timing.csv,308.710227848,0,624.773037975,46.4451772152,0,578.198050633,0,4897.77506329,71.659556962,4826.00696203,5853.87746835,
../benchmarks/depth_fusion381,1,1,0,0,64,1,2,1,1,1,2,2,0,1,1,52,26,41,31,0.000136489,44.8792,12526,635310,156,39,131.71,P,N,Y,381,depth_fusion381_timing.csv,307.892962025,0,625.951898734,46.3890886076,0,579.435797468,0,125.336468354,68.3765443038,56.8707594937,1082.15126582,
../benchmarks/depth_fusion382,1,1,0,0,64,1,2,1,1,1,2,2,1,0,1,52,25,99,31,0.00012189,1184.22,13402,2814843,397,39,126.82,P,N,Y,382,depth_fusion382_timing.csv,309.197708861,0,616.351101266,45.5636835443,0,570.657227848,0,1543.70536709,66.4421392405,1477.15598734,2492.85962025,
../benchmarks/depth_fusion383,1,1,0,0,64,1,2,1,1,1,2,2,1,1,1,51,25,92,31,0.000103787,43.0803,12754,2646945,397,39,131.52,P,N,Y,383,depth_fusion383_timing.csv,302.478810127,0,615.512556962,45.3798734177,0,570.010075949,0,119.192455696,64.9400886076,54.1635189873,1060.10632911,
../benchmarks/depth_fusion385,1,1,0,0,64,1,2,1,1,2,1,1,0,1,1,73,36,55,63,4.12134E-005,68.8246,20099,875187,234,78,123.48,P,N,Y,385,depth_fusion385_timing.csv,305.995443038,0,613.986531646,45.5020379747,0,568.364848101,0,152.149670886,65.171278481,86.8915949367,1095.05025316,
../benchmarks/depth_fusion389,1,1,0,0,64,1,2,1,1,2,1,2,0,1,1,73,36,55,63,3.03376E-005,56.556,20133,876051,236,78,129.14,P,N,Y,389,depth_fusion389_timing.csv,308.43178481,0,627.58578481,46.8997594937,0,580.562734177,0,144.004037975,72.514278481,71.403443038,1102.60367089,
../benchmarks/depth_fusion393,1,1,0,0,64,1,2,1,1,2,2,1,0,1,1,75,37,56,63,2.97652E-005,59.9356,20298,878771,236,78,125.09,P,N,Y,393,depth_fusion393_timing.csv,302.747493671,0,625.304405063,47.0037468354,0,578.175772152,0,149.883582278,74.4465696203,75.3481772152,1100.67240506,
../benchmarks/depth_fusion397,1,1,0,0,64,1,2,1,1,2,2,2,0,1,1,75,37,56,63,2.33543E-005,48.8154,20289,879763,238,78,129.46,P,N,Y,397,depth_fusion397_timing.csv,304.887126582,0,628.346240506,46.6826455696,0,581.54,0,134.601164557,72.8284303797,61.6846075949,1090.73151899,
../benchmarks/depth_fusion401,1,1,0,0,64,1,2,1,2,1,1,1,0,1,1,66,32,48,63,0.000147047,72.4392,18476,785213,212,78,106.37,P,N,Y,401,depth_fusion401_timing.csv,301.484696203,0,627.426987342,46.4141012658,0,580.887632911,0,163.66978481,72.666721519,90.8919746835,1115.02227848,
../benchmarks/depth_fusion403,1,1,0,0,64,1,2,1,2,1,1,1,1,1,1,64,31,97,63,9.27404E-005,68.7335,18897,2704254,397,78,107.51,P,N,Y,403,depth_fusion403_timing.csv,302.088936709,0,612.488936709,45.1753291139,0,567.195113924,0,150.850594937,64.8862911392,85.879556962,1088.39392405,
../benchmarks/depth_fusion405,1,1,0,0,64,1,2,1,2,1,1,2,0,1,1,65,32,48,63,0.000147863,59.2616,18418,733916,208,78,105.56,P,N,Y,405,depth_fusion405_timing.csv,306.21278481,0,616.013860759,45.4435949367,0,570.450303797,0,139.867088608,64.9365189873,74.8434936709,1085.02797468,
../benchmarks/depth_fusion409,1,1,0,0,64,1,2,1,2,1,2,1,0,1,1,65,32,47,63,0.000159237,57.8605,18559,733738,207,78,112.58,P,N,Y,409,depth_fusion409_timing.csv,301.819025316,0,626.108189873,46.6033924051,0,579.379088608,0,143.74756962,70.8026582278,72.8579746835,1094.67987342,
../benchmarks/depth_fusion411,1,1,0,0,64,1,2,1,2,1,2,1,1,1,1,64,31,96,63,0.00010042,61.6523,18954,2650394,397,78,99.6,P,N,Y,411,depth_fusion411_timing.csv,302.866734177,0,613.460316456,45.2553544304,0,568.08435443,0,141.866177215,64.7765443038,77.0031265823,1081.10227848,
../benchmarks/depth_fusion413,1,1,0,0,64,1,2,1,2,1,2,2,0,1,1,65,32,48,63,0.000159237,45.4493,18481,733788,208,78,109.11,P,N,Y,413,depth_fusion413_timing.csv,302.89843038,0,622.39256962,46.768556962,0,575.499468354,0,129.080556962,71.5693037975,57.4233417722,1077.37632911,
../benchmarks/depth_fusion415,1,1,0,0,64,1,2,1,2,1,2,2,1,1,1,63,31,97,63,0.00010042,42.8247,18903,2649600,397,78,109.18,P,N,Y,415,depth_fusion415_timing.csv,305.95043038,0,613.490848101,45.4158860759,0,567.95521519,0,119.229126582,65.0473417722,54.0964303797,1061.71582278,
../benchmarks/depth_fusion432,1,1,0,1,64,0,0,0,1,1,1,1,0,0,1,51,25,39,33,0.195312,81.3203,13211,853664,171,41,136.93,P,N,Y,432,depth_fusion432_timing.csv,301.910987342,0,630.043696203,46.5718860759,0,583.346860759,0,177.928405063,74.528278481,103.309316456,1132.34873418,
../benchmarks/depth_fusion433,1,1,0,1,64,0,0,0,1,1,1,1,0,1,1,52,25,40,33,0.195312,73.616,13334,950336,184,41,136.87,P,N,Y,433,depth_fusion433_timing.csv,302.186531646,0,613.014177215,45.0305696203,0,567.863860759,0,156.328037975,64.7073164557,91.533835443,1094.4764557,
../benchmarks/depth_fusion434,1,1,0,1,64,0,0,0,2,1,1,1,0,0,1,69,34,59,59,0.195312,80.1271,19690,1420102,296,74,132.83,P,N,Y,434,depth_fusion434_timing.csv,303.214734177,0,623.910151899,46.3038101266,0,577.481582278,0,173.808164557,72.2666835443,101.452278481,1123.22746835,
../benchmarks/depth_fusion435,1,1,0,1,64,0,0,0,2,1,1,1,0,1,1,71,35,59,59,0.195312,71.5966,20145,1508955,309,74,132.36,P,N,Y,435,depth_fusion435_timing.csv,298.963443038,0,625.535405063,46.5663797468,0,578.842759494,0,161.70778481,72.4564303797,89.1622531646,1108.78620253,
../benchmarks/depth_fusion436,1,1,0,1,64,0,0,1,1,1,1,1,0,0,1,55,26,46,33,0.195312,80.4705,13572,881180,191,41,132.88,P,N,Y,436,depth_fusion436_timing.csv,302.437822785,0,613.520303797,45.2057341772,0,568.194481013,0,166.281063291,64.6358607595,101.557025316,1105.16886076,
../benchmarks/depth_fusion437,1,1,0,1,64,0,0,1,1,1,1,1,0,1,1,52,25,40,33,0.195312,73.6359,12993,921340,184,41,130.9,P,N,Y,437,depth_fusion437_timing.csv,301.051518987,0,611.888772152,45.4691898734,0,566.299974684,0,159.997291139,67.9056455696,92.0036455696,1095.82316456,
../benchmarks/depth_fusion438,1,1,0,1,64,0,0,1,2,1,1,1,0,0,1,76,36,65,66,0.181628,56.665,22292,1435935,350,82,118.25,P,N,Y,438,depth_fusion438_timing.csv,306.106202532,0,618.094443038,45.9593797468,0,572.015113924,0,141.083860759,67.3317594937,73.663556962,1088.13392405,
../benchmarks/depth_fusion439,1,1,0,1,64,0,0,1,2,1,1,1,0,1,1,67,33,49,66,0.169829,51.89,19194,1017751,240,82,135.22,P,N,Y,439,depth_fusion439_timing.csv,303.816759494,0,625.503810127,46.6198481013,0,578.758012658,0,140.312493671,73.9094683544,66.3128481013,1092.51417722,
../benchmarks/depth_fusion504,1,1,0,1,64,1,0,0,1,1,1,1,0,0,1,50,24,39,31,0.195312,81.6115,12799,853493,170,39,137.26,P,N,Y,504,depth_fusion504_timing.csv,304.932708861,0,626.657443038,46.5143797468,0,580.015088608,0,175.333987342,72.2177974684,103.029316456,1129.41075949,
../benchmarks/depth_fusion505,1,1,0,1,64,1,0,0,1,1,1,1,0,1,1,51,25,40,31,0.195312,73.6126,12869,950189,182,39,132.89,P,N,Y,505,depth_fusion505_timing.csv,306.885708861,0,617.693126582,45.6816708861,0,571.890962025,0,157.861518987,65.4572911392,92.3175822785,1105.40341772,
../benchmarks/depth_fusion508,1,1,0,1,64,1,0,0,2,1,1,1,0,0,1,68,33,57,55,0.195312,80.0658,19081,1324306,279,70,136.7,P,N,Y,508,depth_fusion508_timing.csv,299.314746835,0,614.454113924,45.8145063291,0,568.517101266,0,168.835873418,67.4332658228,101.314493671,1105.24341772,
../benchmarks/depth_fusion509,1,1,0,1,64,1,0,0,2,1,1,1,0,1,1,70,34,58,55,0.195312,71.4771,19378,1493298,300,70,129.63,P,N,Y,509,depth_fusion509_timing.csv,303.036088608,0,626.885708861,46.5976582278,0,580.162696203,0,164.246734177,74.9919113924,89.1686708861,1117.27101266,
../benchmarks/depth_fusion512,1,1,0,1,64,1,0,1,1,1,1,1,0,0,1,55,26,46,31,0.195312,80.4647,13124,880469,191,39,132.01,P,N,Y,512,depth_fusion512_timing.csv,305.96878481,0,613.747012658,45.5316962025,0,568.096189873,0,167.100164557,64.7710253165,102.240265823,1109.77202532,
../benchmarks/depth_fusion513,1,1,0,1,64,1,0,1,1,1,1,1,0,1,1,51,25,40,31,0.195312,73.7101,12569,920941,184,39,128.51,P,N,Y,513,depth_fusion513_timing.csv,306.174265823,0,613.07756962,45.4405696203,0,567.518455696,0,157.572101266,64.8869113924,92.5975822785,1099.70607595,
../benchmarks/depth_fusion516,1,1,0,1,64,1,0,1,2,1,1,1,0,0,1,75,36,66,63,0.181628,56.6113,21967,1457143,356,78,128.88,P,N,Y,516,depth_fusion516_timing.csv,301.554556962,0,613.901772152,45.3557468354,0,568.425417722,0,138.031303797,64.6915063291,73.2525696203,1076.46379747,
../benchmarks/depth_fusion517,1,1,0,1,64,1,0,1,2,1,1,1,0,1,1,66,32,48,63,0.169829,52.0576,18743,1014807,239,78,128.69,P,N,Y,517,depth_fusion517_timing.csv,302.635316456,0,612.158278481,45.2770632911,0,566.761607595,0,131.556683544,64.9006962025,66.5690886076,1069.30291139,
../benchmarks/depth_fusion648,1,1,0,1,128,0,0,0,1,1,1,1,0,0,1,51,25,39,33,0.195312,81.452,13189,853660,171,41,137.26,P,N,Y,648,depth_fusion648_timing.csv,301.982227848,0,616.222683544,45.4339367089,0,570.671227848,0,168.427481013,65.0207974684,103.319075949,1109.52683544,
../benchmarks/depth_fusion649,1,1,0,1,128,0,0,0,1,1,1,1,0,1,1,52,25,40,33,0.195312,73.5096,13341,950332,184,41,133.04,P,N,Y,649,depth_fusion649_timing.csv,302.351164557,0,627.540506329,46.6931392405,0,580.724721519,0,165.824050633,73.805278481,91.9310253165,1118.30987342,
../benchmarks/depth_fusion650,1,1,0,1,128,0,0,0,2,1,1,1,0,0,1,69,34,59,59,0.195312,80.1133,19693,1420098,296,74,132.97,P,N,Y,650,depth_fusion650_timing.csv,300.969253165,0,614.142632911,45.3905443038,0,568.632265823,0,166.141683544,64.8269367089,101.230113924,1104.15202532,
../benchmarks/depth_fusion651,1,1,0,1,128,0,0,0,2,1,1,1,0,1,1,71,35,59,59,0.195312,71.6122,20138,1508951,309,74,130.15,P,N,Y,651,depth_fusion651_timing.csv,302.125848101,0,620.838873418,45.8881518987,0,574.829468354,0,157.432822785,68.0309240506,89.3152025316,1102.89278481,
../benchmarks/depth_fusion652,1,1,0,1,128,0,0,1,1,1,1,1,0,0,1,55,26,46,33,0.195312,80.5766,13598,881176,191,41,128.69,P,N,Y,652,depth_fusion652_timing.csv,300.858632911,0,613.141810127,45.3893797468,0,567.633177215,0,169.171873418,67.1310886076,101.951886076,1105.96177215,
../benchmarks/depth_fusion653,1,1,0,1,128,0,0,1,1,1,1,1,0,1,1,52,25,40,33,0.195312,73.6929,13000,921336,184,41,130.73,P,N,Y,653,depth_fusion653_timing.csv,305.565873418,0,619.677607595,46.3930632911,0,573.162316456,0,162.536493671,70.2388101266,92.2088987342,1110.60670886,
../benchmarks/depth_fusion654,1,1,0,1,128,0,0,1,2,1,1,1,0,0,1,76,36,65,66,0.181628,56.6504,22277,1435931,350,82,130.88,P,N,Y,654,depth_fusion654_timing.csv,300.468265823,0,623.712227848,46.3315443038,0,577.257810127,0,145.168379747,71.9503670886,73.1289367089,1092.44772152,
../benchmarks/depth_fusion655,1,1,0,1,128,0,0,1,2,1,1,1,0,1,1,67,33,49,66,0.169829,52.1434,19214,1017747,240,82,124.4,P,N,Y,655,depth_fusion655_timing.csv,302.578202532,0,612.373962025,45.2270379747,0,567.026417722,0,131.370316456,64.5876708861,66.6958481013,1069.2556962,
../benchmarks/depth_fusion720,1,1,0,1,128,1,0,0,1,1,1,1,0,0,1,50,24,39,31,0.195312,81.5921,12796,853489,170,39,131.07,P,N,Y,720,depth_fusion720_timing.csv,302.379468354,0,611.844177215,45.1299873418,0,566.595227848,0,167.140291139,64.4536075949,102.600949367,1104.27265823,
../benchmarks/depth_fusion721,1,1,0,1,128,1,0,0,1,1,1,1,0,1,1,51,25,40,31,0.195312,73.6597,12872,950185,182,39,132.96,P,N,Y,721,depth_fusion721_timing.csv,307.191367089,0,625.626873418,46.7708987342,0,578.730101266,0,165.517126582,73.2275443038,92.2021139241,1121.07405063,
../benchmarks/depth_fusion724,1,1,0,1,128,1,0,0,2,1,1,1,0,0,1,68,33,57,55,0.195312,80.1384,19088,1324302,279,70,132.71,P,N,Y,724,depth_fusion724_timing.csv,302.716405063,0,617.307949367,45.821835443,0,571.362658228,0,170.36043038,69.1780253165,101.094759494,1113.25848101,
../benchmarks/depth_fusion725,1,1,0,1,128,1,0,0,2,1,1,1,0,1,1,70,34,58,55,0.195312,71.5861,19352,1493294,300,70,131.31,P,N,Y,725,depth_fusion725_timing.csv,302.204936709,0,612.161202532,45.1229873418,0,566.918506329,0,153.621379747,64.7645443038,88.7708101266,1090.90417722,
../benchmarks/depth_fusion728,1,1,0,1,128,1,0,1,1,1,1,1,0,0,1,55,26,46,31,0.195312,80.581,13123,880465,191,39,130.41,P,N,Y,728,depth_fusion728_timing.csv,300.060506329,0,617.595392405,46.2164303797,0,571.256886076,0,171.975101266,70.6587848101,101.228620253,1112.60177215,
../benchmarks/depth_fusion729,1,1,0,1,128,1,0,1,1,1,1,1,0,1,1,51,25,40,31,0.195312,73.6775,12561,920937,184,39,131.96,P,N,Y,729,depth_fusion729_timing.csv,305.537405063,0,612.697481013,45.4548101266,0,567.122607595,0,157.149392405,64.7737341772,92.2891265823,1098.30227848,
../benchmarks/depth_fusion732,1,1,0,1,128,1,0,1,2,1,1,1,0,0,1,75,36,66,63,0.181628,56.6562,21934,1457139,356,78,127.11,P,N,Y,732,depth_fusion732_timing.csv,300.420620253,0,612.968253165,45.3847721519,0,567.465468354,0,137.901151899,64.7509746835,73.0629746835,1074.28734177,
../benchmarks/depth_fusion733,1,1,0,1,128,1,0,1,2,1,1,1,0,1,1,66,32,48,63,0.169829,52.068,18687,1014803,239,78,127.86,P,N,Y,733,depth_fusion733_timing.csv,307.563,0,626.878962025,46.7096075949,0,580.044405063,0,141.369493671,74.2387721519,67.0445063291,1098.5435443,
../benchmarks/depth_fusion864,1,1,0,2,64,0,0,0,1,1,1,1,0,0,1,50,24,37,33,0.195312,81.2252,12988,852356,165,41,136.96,P,N,Y,864,depth_fusion864_timing.csv,302.71121519,0,628.083506329,46.5752278481,0,581.379367089,0,176.025189873,73.0344177215,102.903177215,1130.31240506,
../benchmarks/depth_fusion865,1,1,0,2,64,0,0,0,1,1,1,1,0,1,1,51,25,39,33,0.195312,73.6339,13129,949064,180,41,133.2,P,N,Y,865,depth_fusion865_timing.csv,308.259886076,0,624.868594937,46.3994050633,0,578.344151899,0,164.686936709,72.2989746835,92.2983670886,1120.94088608,
../benchmarks/depth_fusion866,1,1,0,2,64,0,0,0,2,1,1,1,0,0,1,68,33,55,59,0.195312,80.1611,19272,1405598,285,74,130.27,P,N,Y,866,depth_fusion866_timing.csv,299.714379747,0,622.567987342,46.647443038,0,575.795746835,0,173.606759494,72.2519240506,101.264924051,1118.81025316,
../benchmarks/depth_fusion867,1,1,0,2,64,0,0,0,2,1,1,1,0,1,1,71,34,58,59,0.195312,71.4829,19859,1505919,303,74,132.29,P,N,Y,867,depth_fusion867_timing.csv,300.539050633,0,612.535772152,45.2934556962,0,567.121670886,0,155.081721519,65.8378101266,89.155,1090.99316456,
../benchmarks/depth_fusion868,1,1,0,2,64,0,0,1,1,1,1,1,0,0,1,54,26,44,33,0.390625,80.2997,13363,892028,189,41,135.33,P,N,Y,868,depth_fusion868_timing.csv,301.927620253,0,617.250189873,45.6764050633,0,571.453721519,0,169.920873418,67.9497088608,101.88335443,1111.72240506,
../benchmarks/depth_fusion869,1,1,0,2,64,0,0,1,1,1,1,1,0,1,1,51,25,39,33,0.390625,73.6345,12788,920068,180,41,123.31,P,N,Y,869,depth_fusion869_timing.csv,307.36478481,0,627.437025316,46.8220253165,0,580.489253165,0,163.742835443,71.5961898734,92.0580126582,1120.98822785,
../benchmarks/depth_fusion870,1,1,0,2,64,0,0,1,2,1,1,1,0,0,1,75,36,63,66,0.725242,56.2573,21932,1434336,340,82,125.32,P,N,Y,870,depth_fusion870_timing.csv,301.918405063,0,612.493177215,45.1153417722,0,567.259721519,0,137.563417722,64.9557468354,72.5206202532,1074.91911392,
../benchmarks/depth_fusion871,1,1,0,2,64,0,0,1,2,1,1,1,0,1,1,66,32,47,66,0.678204,52.018,19011,1015325,237,82,130.2,P,N,Y,871,depth_fusion871_timing.csv,301.037898734,0,614.199455696,45.1471518987,0,568.93264557,0,131.612772152,64.8386329114,66.6887721519,1069.75379747,
../benchmarks/depth_fusion936,1,1,0,2,64,1,0,0,1,1,1,1,0,0,1,49,24,37,31,0.195312,81.348,12486,852221,165,39,133.22,P,N,Y,936,depth_fusion936_timing.csv,301.481417722,0,613.691291139,45.2811392405,0,568.289493671,0,167.683518987,64.696,102.900797468,1105.7956962,
../benchmarks/depth_fusion937,1,1,0,2,64,1,0,0,1,1,1,1,0,1,1,50,24,39,31,0.195312,73.6404,12658,948917,179,39,133.17,P,N,Y,937,depth_fusion937_timing.csv,305.515,0,613.886924051,45.3914936709,0,568.376139241,0,157.205443038,65.044721519,92.073164557,1099.54987342,
../benchmarks/depth_fusion940,1,1,0,2,64,1,0,0,2,1,1,1,0,0,1,67,33,53,55,0.195312,80.1862,18694,1321690,270,70,129.53,P,N,Y,940,depth_fusion940_timing.csv,306.063405063,0,615.075367089,45.4529113924,0,569.503050633,0,166.66821519,64.6319367089,101.950278481,1110.76898734,
../benchmarks/depth_fusion941,1,1,0,2,64,1,0,0,2,1,1,1,0,1,1,70,34,58,55,0.195312,71.5426,19404,1504808,302,70,135.33,P,N,Y,941,depth_fusion941_timing.csv,306.612835443,0,615.445139241,45.4578227848,0,569.868417722,0,154.310481013,64.7259367089,89.499,1099.46265823,
../benchmarks/depth_fusion944,1,1,0,2,64,1,0,1,1,1,1,1,0,0,1,54,26,44,31,0.390625,80.2465,12935,891269,189,39,132.97,P,N,Y,944,depth_fusion944_timing.csv,302.948481013,0,613.704658228,45.1552405063,0,568.431075949,0,166.454341772,64.7871772152,101.580113924,1106.0656962,
../benchmarks/depth_fusion945,1,1,0,2,64,1,0,1,1,1,1,1,0,1,1,51,24,39,31,0.390625,73.5569,12445,919669,180,39,131.49,P,N,Y,945,depth_fusion945_timing.csv,299.634405063,0,611.773189873,45.2185822785,0,566.43435443,0,158.458253165,66.8805063291,91.4909746835,1092.65012658,
../benchmarks/depth_fusion949,1,1,0,2,64,1,0,1,2,1,1,1,0,1,1,65,32,47,63,0.678204,52.0322,18456,1014047,236,78,131.01,P,N,Y,949,depth_fusion949_timing.csv,302.511164557,0,620.46478481,45.9325316456,0,574.409708861,0,137.285316456,70.455,66.7425696203,1082.68835443,
../benchmarks/depth_fusion1080,1,1,1,0,64,0,0,1,1,1,1,1,0,0,1,53,25,45,33,0.136483,16.1876,12232,764588,163,41,135.55,P,N,Y,1080,depth_fusion1080_timing.csv,302.290329114,0,612.366455696,45.2677468354,0,566.977164557,0,85.3902531646,64.5102151899,20.8009873418,1023.10860759,
../benchmarks/depth_fusion1081,1,1,1,0,64,0,0,1,1,1,1,1,0,1,1,54,25,46,33,0.139997,21.0656,12568,849880,174,41,137.23,P,N,Y,1081,depth_fusion1081_timing.csv,302.456873418,0,613.342468354,45.3692025316,0,567.85364557,0,88.8113164557,65.1787974684,23.5497594937,1027.63291139,
../benchmarks/depth_fusion1082,1,1,1,0,64,0,0,1,1,2,1,1,0,0,1,79,38,71,66,0.082687,12.5064,20055,1274014,282,82,133.1,P,N,Y,1082,depth_fusion1082_timing.csv,299.247924051,0,614.764974684,45.9843670886,0,568.659088608,0,84.4256708861,68.0266329114,16.3166962025,1021.4864557,
../benchmarks/depth_fusion1083,1,1,1,0,64,0,0,1,1,2,1,1,0,1,1,80,38,73,66,0.0852807,13.7097,20581,1210252,278,82,136.79,P,N,Y,1083,depth_fusion1083_timing.csv,303.939202532,0,623.610797468,46.8733924051,0,576.615379747,0,88.529556962,70.4879113924,17.9568101266,1038.37607595,
../benchmarks/depth_fusion1084,1,1,1,0,64,0,1,1,1,1,1,1,0,0,1,54,26,47,33,0.136483,16.4772,12449,810010,175,41,133.47,P,N,Y,1084,depth_fusion1084_timing.csv,299.411405063,0,623.245506329,46.8006835443,0,576.320113924,0,91.7835189873,70.4789493671,21.2188227848,1037.15949367,
../benchmarks/depth_fusion1085,1,1,1,0,64,0,1,1,1,1,1,1,0,1,1,54,26,46,33,0.136483,20.3151,12379,774714,166,41,140.8,P,N,Y,1085,depth_fusion1085_timing.csv,302.672240506,0,618.481,45.7086835443,0,572.651518987,0,88.4323544304,66.5190759494,21.8300126582,1032.36253165,
../benchmarks/depth_fusion1086,1,1,1,0,64,0,1,1,1,2,1,1,0,0,1,84,40,85,66,0.082687,12.7785,21813,1389231,331,82,136.81,P,N,Y,1086,depth_fusion1086_timing.csv,306.310556962,0,626.646721519,46.730721519,0,579.79135443,0,86.8345189873,69.8907974684,16.8593291139,1042.32683544,
../benchmarks/depth_fusion1087,1,1,1,0,64,0,1,1,1,2,1,1,0,1,1,82,39,78,66,0.082687,11.9593,21140,1176872,294,82,132.87,P,N,Y,1087,depth_fusion1087_timing.csv,304.101101266,0,629.312531646,46.7856455696,0,582.399797468,0,87.5464303797,71.8112025316,15.6508607595,1044.0143038,
../benchmarks/depth_fusion1088,1,1,1,0,64,0,2,1,1,1,1,1,0,0,1,54,26,47,33,0.136483,16.4253,12425,809958,174,41,133.52,P,N,Y,1088,depth_fusion1088_timing.csv,301.258620253,0,614.377556962,45.5657088608,0,568.692974684,0,86.0637721519,64.7951898734,21.1887848101,1024.59316456,
../benchmarks/depth_fusion1089,1,1,1,0,64,0,2,1,1,1,1,1,0,1,1,54,26,46,33,0.136483,20.6597,12369,774714,166,41,146.17,P,N,Y,1089,depth_fusion1089_timing.csv,306.966886076,0,619.468101266,45.8315063291,0,573.519518987,0,89.3758481013,68.0707848101,21.2229240506,1038.6064557,
../benchmarks/depth_fusion1090,1,1,1,0,64,0,2,1,1,2,1,1,0,0,1,84,40,85,66,0.082687,12.8374,21797,1389231,331,82,136.09,P,N,Y,1090,depth_fusion1090_timing.csv,302.377544304,0,617.29821519,45.7817341772,0,571.395468354,0,83.3070379747,66.5099873418,16.7118481013,1025.80911392,
../benchmarks/depth_fusion1091,1,1,1,0,64,0,2,1,1,2,1,1,0,1,1,82,39,78,66,0.082687,11.9229,21191,1176872,294,82,135.35,P,N,Y,1091,depth_fusion1091_timing.csv,306.479101266,0,615.236822785,45.5485443038,0,569.570063291,0,80.5005949367,64.8313037975,15.5902405063,1025.16683544,
../benchmarks/depth_fusion1092,1,1,1,0,64,1,0,1,1,1,1,1,0,0,1,52,25,45,31,0.136483,15.5005,11810,752525,160,39,142.89,P,N,Y,1092,depth_fusion1092_timing.csv,298.390367089,0,623.965607595,46.5794303797,0,577.262544304,0,90.0736835443,70.0116455696,19.9778101266,1034.83417722,
../benchmarks/depth_fusion1093,1,1,1,0,64,1,0,1,1,1,1,1,0,1,1,53,25,46,31,0.139997,21.0839,12144,849733,173,39,140.44,P,N,Y,1093,depth_fusion1093_timing.csv,302.010632911,0,613.476607595,45.2458227848,0,568.111797468,0,88.3931139241,64.834164557,23.4761898734,1026.87101266,
../benchmarks/depth_fusion1096,1,1,1,0,64,1,0,1,1,2,1,1,0,0,1,78,37,72,63,0.082687,12.626,19539,1170578,271,78,133.2,P,N,Y,1096,depth_fusion1096_timing.csv,301.605012658,0,612.903886076,45.436278481,0,567.347759494,0,81.7888101266,65.2352025316,16.4705822785,1019.30316456,
../benchmarks/depth_fusion1097,1,1,1,0,64,1,0,1,1,2,1,1,0,1,1,79,38,73,63,0.0852807,13.8598,20039,1192010,275,78,133.22,P,N,Y,1097,depth_fusion1097_timing.csv,303.065392405,0,613.393481013,45.3377848101,0,567.937670886,0,82.8050126582,64.6845189873,18.0389873418,1022.14088608,
../benchmarks/depth_fusion1100,1,1,1,0,64,1,1,1,1,1,1,1,0,0,1,54,26,47,31,0.136483,15.7995,12022,809799,174,39,139.66,P,N,Y,1100,depth_fusion1100_timing.csv,306.397734177,0,613.666012658,45.5453544304,0,568.001746835,0,85.3334936709,64.747278481,20.5046962025,1028.40620253,
../benchmarks/depth_fusion1101,1,1,1,0,64,1,1,1,1,1,1,1,0,1,1,53,25,46,31,0.136483,20.9779,11917,774183,165,39,139.64,P,N,Y,1101,depth_fusion1101_timing.csv,300.79621519,0,617.045734177,45.4991898734,0,571.424810127,0,87.3696582278,65.4686708861,21.8191772152,1028.29810127,
../benchmarks/depth_fusion1104,1,1,1,0,64,1,1,1,1,2,1,1,0,0,1,83,39,85,63,0.082687,12.9688,21244,1313394,320,78,132.87,P,N,Y,1104,depth_fusion1104_timing.csv,302.524417722,0,615.621721519,45.5728481013,0,569.926303797,0,83.1556202532,65.9941518987,17.0766582278,1024.14177215,
../benchmarks/depth_fusion1105,1,1,1,0,64,1,1,1,1,2,1,1,0,1,1,81,39,78,63,0.082687,11.977,20677,1175300,293,78,132.69,P,N,Y,1105,depth_fusion1105_timing.csv,300.632632911,0,621.474772152,46.6602911392,0,574.700417722,0,85.3308607595,69.7269746835,15.5262911392,1029.16848101,
../benchmarks/depth_fusion1108,1,1,1,0,64,1,2,1,1,1,1,1,0,0,1,54,26,47,31,0.136483,14.9923,12016,809815,174,39,149.67,P,N,Y,1108,depth_fusion1108_timing.csv,300.297088608,0,609.753329114,45.5838987342,0,564.055265823,0,88.1626582278,68.7978101266,19.287721519,1020.83556962,
../benchmarks/depth_fusion1109,1,1,1,0,64,1,2,1,1,1,1,1,0,1,1,53,25,46,31,0.136483,20.9443,11922,774183,165,39,142.53,P,N,Y,1109,depth_fusion1109_timing.csv,298.167582278,0,622.855632911,46.7036962025,0,576.036101266,0,92.0518101266,70.3902278481,21.5841518987,1034.87291139,
../benchmarks/depth_fusion1112,1,1,1,0,64,1,2,1,1,2,1,1,0,0,1,83,39,85,63,0.082687,12.9537,21231,1313394,320,78,133.13,P,N,Y,1112,depth_fusion1112_timing.csv,301.228278481,0,609.324101266,45.0764177215,0,564.134126582,0,81.1543417722,64.3621518987,16.7171772152,1014.68493671,
../benchmarks/depth_fusion1113,1,1,1,0,64,1,2,1,1,2,1,1,0,1,1,81,39,78,63,0.082687,11.9286,20727,1175300,293,78,136.68,P,N,Y,1113,depth_fusion1113_timing.csv,301.276759494,0,622.930886076,46.6738734177,0,576.141962025,0,86.5946329114,71.0280126582,15.4900632911,1032.77987342,
../benchmarks/depth_fusion1116,1,1,1,2,64,0,0,1,1,1,1,1,0,0,1,55,26,47,33,111.897,15.1398,11964,741636,156,41,143.98,P,N,Y,1116,depth_fusion1116_timing.csv,301.148607595,0,610.300316456,45.1108607595,0,565.076696203,0,83.8603417722,64.4167848101,19.3682151899,1018.35379747,
../benchmarks/depth_fusion1117,1,1,1,2,64,0,0,1,1,1,1,1,0,1,1,53,25,44,33,143.357,14.1883,12217,715940,157,41,146.34,P,N,Y,1117,depth_fusion1117_timing.csv,300.597683544,0,610.06821519,45.2317088608,0,564.721936709,0,82.8415316456,64.5465696203,18.2184556962,1016.49405063,
../benchmarks/depth_fusion1118,1,1,1,2,64,0,1,1,1,1,1,1,0,0,1,56,26,52,33,111.897,15.6878,12185,814510,171,41,137.74,P,N,Y,1118,depth_fusion1118_timing.csv,299.508696203,0,624.415810127,46.5404810127,0,577.758848101,0,90.4539746835,70.2036455696,20.1716582278,1036.06797468,
../benchmarks/depth_fusion1119,1,1,1,2,64,0,1,1,1,1,1,1,0,1,1,56,26,51,33,111.897,14.8759,12117,779230,163,41,147.53,P,N,Y,1119,depth_fusion1119_timing.csv,300.735443038,0,611.049088608,45.1755189873,0,565.760088608,0,83.9454810127,64.7860886076,19.0747088608,1018.64189873,
../benchmarks/depth_fusion1120,1,1,1,2,64,0,2,1,1,1,1,1,0,0,1,56,26,52,33,111.897,15.586,12198,814506,170,41,138.9,P,N,Y,1120,depth_fusion1120_timing.csv,298.981455696,0,608.492025316,45.2655949367,0,563.112493671,0,87.8521772152,67.8473544304,19.9276329114,1018.09797468,
../benchmarks/depth_fusion1121,1,1,1,2,64,0,2,1,1,1,1,1,0,1,1,56,26,51,33,111.897,15.1557,12072,779194,162,41,143.57,P,N,Y,1121,depth_fusion1121_timing.csv,304.816518987,0,612.094620253,45.1986075949,0,566.782594937,0,84.1909746835,64.5459746835,19.568443038,1024.11025316,
../benchmarks/depth_fusion1122,1,1,1,2,64,1,0,1,1,1,1,1,0,0,1,54,25,48,31,111.897,15.2662,11531,741117,156,39,142.53,P,N,Y,1122,depth_fusion1122_timing.csv,301.288607595,0,610.200139241,44.9502151899,0,565.136329114,0,84.2190379747,64.6101518987,19.5335189873,1018.61481013,
../benchmarks/depth_fusion1123,1,1,1,2,64,1,0,1,1,1,1,1,0,1,1,52,25,44,31,143.357,15.2285,11805,715445,157,39,132.88,P,N,Y,1123,depth_fusion1123_timing.csv,295.750253165,0,620.245797468,46.3319240506,0,573.796202532,0,88.790721519,69.1738481013,19.538556962,1026.45873418,
../benchmarks/depth_fusion1126,1,1,1,2,64,1,1,1,1,1,1,1,0,0,1,56,26,52,31,111.897,15.2131,11790,814347,170,39,142.36,P,N,Y,1126,depth_fusion1126_timing.csv,301.189544304,0,609.310101266,45.0765063291,0,564.119772152,0,83.9263417722,64.3912531646,19.4587468354,1017.33405063,
../benchmarks/depth_fusion1127,1,1,1,2,64,1,1,1,1,1,1,1,0,1,1,55,26,51,31,111.897,15.1148,11659,779083,162,39,144.34,P,N,Y,1127,depth_fusion1127_timing.csv,301.186063291,0,620.553873418,46.4826329114,0,573.954367089,0,91.3970632911,71.8747848101,19.4443291139,1035.01759494,
../benchmarks/depth_fusion1130,1,1,1,2,64,1,2,1,1,1,1,1,0,0,1,56,26,52,31,111.897,14.8241,11755,814347,170,39,147.53,P,N,Y,1130,depth_fusion1130_timing.csv,301.388468354,0,610.468253165,45.0907341772,0,565.263037975,0,83.5191898734,64.4394556962,19.004,1018.43810127,
../benchmarks/depth_fusion1131,1,1,1,2,64,1,2,1,1,1,1,1,0,1,1,55,26,51,31,111.897,15.047,11646,779083,162,39,145.56,P,N,Y,1131,depth_fusion1131_timing.csv,299.858797468,0,620.501455696,46.5636582278,0,573.821974684,0,89.2091139241,69.651,19.4553291139,1031.52341772,
../benchmarks/depth_fusion1134,1,2,0,2,64,0,0,0,1,1,1,1,0,0,1,83,41,67,66,0.390625,80.0339,23849,1453064,290,82,132.89,P,N,Y,1134,depth_fusion1134_timing.csv,299.106734177,0,623.804253165,46.5013544304,0,577.189075949,0,169.795518987,68.9988227848,100.718886076,1114.28139241,
../benchmarks/depth_fusion1135,1,2,0,2,64,0,0,0,1,1,1,1,0,1,1,86,43,71,66,0.390625,72.3392,24233,1646480,320,82,132.96,P,N,Y,1135,depth_fusion1135_timing.csv,299.653367089,0,610.805075949,45.1026962025,0,565.589620253,0,153.719481013,64.6968987342,88.9439493671,1087.10620253,
../benchmarks/depth_fusion1139,1,2,0,2,64,0,0,1,1,1,1,1,0,1,1,87,43,72,66,0.78125,72.8319,23587,1588488,320,82,124.51,P,N,Y,1139,depth_fusion1139_timing.csv,301.326848101,0,609.355379747,45.0277974684,0,564.214126582,0,153.044620253,64.3681898734,88.5987088608,1086.64924051,
../benchmarks/depth_fusion1206,1,2,0,2,64,1,0,0,1,1,1,1,0,0,1,82,40,67,63,0.390625,79.6974,22897,1452794,290,78,137.17,P,N,Y,1206,depth_fusion1206_timing.csv,298.10564557,0,613.424822785,45.8861392405,0,567.424303797,0,168.081316456,67.5784303797,100.423670886,1101.82518987,
../benchmarks/depth_fusion1207,1,2,0,2,64,1,0,0,1,1,1,1,0,1,1,85,42,71,63,0.390625,71.9215,23307,1646186,318,78,132.62,P,N,Y,1207,depth_fusion1207_timing.csv,300.271772152,0,612.107936709,45.1869367089,0,566.807721519,0,153.55121519,64.4542025316,89.0197721519,1088.90303797,
../benchmarks/depth_fusion1215,1,2,0,2,64,1,0,1,1,1,1,1,0,1,1,85,42,72,63,0.78125,72.2387,22766,1587690,320,78,126,P,N,Y,1215,depth_fusion1215_timing.csv,298.095556962,0,622.840189873,46.6700886076,0,576.056367089,0,159.873746835,70.6641518987,89.1314050633,1103.0756962,
../benchmarks/depth_fusion1351,1,2,1,2,64,0,0,1,1,1,1,1,0,1,1,90,43,81,66,143.357,11.8042,22343,1180232,274,82,134.12,P,N,Y,1351,depth_fusion1351_timing.csv,296.866037975,0,621.00535443,46.6963291139,0,574.194025316,0,85.4249113924,70.1077721519,15.2397341772,1024.98518987,
../benchmarks/depth_fusion1357,1,2,1,2,64,1,0,1,1,1,1,1,0,1,1,89,43,81,63,143.357,11.8147,21494,1179242,274,78,136.94,P,N,Y,1357,depth_fusion1357_timing.csv,300.03364557,0,623.891898734,46.3194936709,0,577.456949367,0,83.5245949367,68.1891265823,15.2572911392,1029.88329114,
