ID,knob_simd,knob_compute_units,knob_xyz_loop,knob_entryid_loop,knob_entryid_num_wi,knob_hardcode_size,knob_cache_voxels,knob_xyz_loop_flat,knob_xyz_unroll,knob_entryid_unroll,knob_voxel_unroll,knob_voxel_out_unroll,knob_depth_local,knob_branch_pos,knob_unused,estim_logic,estim_reg,estim_mem,estim_dsp,estim_throughput_0,time,logic,mem,ram,dsp,fmax,verif,error,fit
../benchmarks/depth_fusion0,1,1,0,0,64,0,0,0,1,1,1,1,0,0,1,54,27,56,33,4.76837e-05,8671.52,15671,1187086,247,41,133.15,P,N,Y
../benchmarks/depth_fusion1,1,1,0,0,64,0,0,0,1,1,1,1,0,1,1,57,29,62,33,4.76837e-05,8096.62,15810,1172558,247,41,130.73,P,N,Y
../benchmarks/depth_fusion2,1,1,0,0,64,0,0,0,1,2,1,1,0,0,1,84,43,90,66,4.76837e-05,999,42327,1977431,-1,82,-1,F,Y,N
../benchmarks/depth_fusion4,1,1,0,0,64,0,0,0,2,1,1,1,0,0,1,67,33,69,59,4.76837e-05,4456.57,20808,1507960,325,74,137.04,P,N,Y
../benchmarks/depth_fusion5,1,1,0,0,64,0,0,0,2,1,1,1,0,1,1,71,37,76,59,4.14848e-05,4379.73,20661,1380145,307,74,127.11,P,N,Y
../benchmarks/depth_fusion8,1,1,0,0,64,0,0,1,1,1,1,1,0,0,1,54,28,38,33,0.000190735,3719.27,19965,630512,159,41,125.67,P,N,Y
../benchmarks/depth_fusion9,1,1,0,0,64,0,0,1,1,1,1,1,0,1,1,52,27,53,33,0.000190735,7469.51,14219,1024493,201,41,134.8,P,N,Y
../benchmarks/depth_fusion10,1,1,0,0,64,0,0,1,1,2,1,1,0,0,1,86,47,64,66,0.000190735,999,35215,1000352,-1,82,-1,F,Y,N
../benchmarks/depth_fusion11,1,1,0,0,64,0,0,1,1,2,1,1,0,1,1,74,37,62,66,0.000190735,8055.02,23862,1583881,312,82,130.91,P,N,Y
../benchmarks/depth_fusion12,1,1,0,0,64,0,0,1,2,1,1,1,0,0,1,79,43,59,66,0.000190735,999,35869,1051952,-1,82,-1,F,Y,N
../benchmarks/depth_fusion13,1,1,0,0,64,0,0,1,2,1,1,1,0,1,1,68,35,62,66,0.000165838,27.5608,18912,721906,211,82,101.49,P,N,Y
../benchmarks/depth_fusion16,1,1,0,0,64,0,1,0,1,1,1,1,0,0,1,63,34,47,33,4.59867e-05,2046.14,22905,679382,191,41,127.59,P,N,Y
../benchmarks/depth_fusion17,1,1,0,0,64,0,1,0,1,1,1,1,0,1,1,59,30,53,33,3.97619e-05,1311.32,15081,628404,188,41,133.08,P,N,Y
../benchmarks/depth_fusion18,1,1,0,0,64,0,1,0,1,1,1,2,0,0,1,64,34,50,33,4.28206e-05,2011.3,22975,678446,195,41,130.07,P,N,Y
../benchmarks/depth_fusion19,1,1,0,0,64,0,1,0,1,1,1,2,0,1,1,60,30,55,33,3.97619e-05,1302.66,15070,627791,189,41,133.33,P,N,Y
../benchmarks/depth_fusion20,1,1,0,0,64,0,1,0,1,1,2,1,0,0,1,64,34,49,33,4.28206e-05,2002.35,23066,678678,194,41,131.76,P,N,Y
../benchmarks/depth_fusion21,1,1,0,0,64,0,1,0,1,1,2,1,0,1,1,60,30,54,33,3.65315e-05,1271.72,15214,627892,191,41,136.98,P,N,Y
../benchmarks/depth_fusion22,1,1,0,0,64,0,1,0,1,1,2,2,0,0,1,64,34,50,33,4.28206e-05,2008.51,23002,677934,195,41,128.93,P,N,Y
../benchmarks/depth_fusion23,1,1,0,0,64,0,1,0,1,1,2,2,0,1,1,60,30,56,33,3.65315e-05,1259.52,15146,627279,192,41,137.09,P,N,Y
../benchmarks/depth_fusion25,1,1,0,0,64,0,1,0,1,2,1,1,0,1,1,84,42,76,66,1.7997e-05,1378.05,23053,971415,303,82,133.01,P,N,Y
../benchmarks/depth_fusion27,1,1,0,0,64,0,1,0,1,2,1,2,0,1,1,84,42,76,66,1.76698e-05,1366.85,23103,972273,305,82,133.22,P,N,Y
../benchmarks/depth_fusion29,1,1,0,0,64,0,1,0,1,2,2,1,0,1,1,84,42,76,66,1.76673e-05,1353.77,23249,974999,305,82,134.72,P,N,Y
../benchmarks/depth_fusion31,1,1,0,0,64,0,1,0,1,2,2,2,0,1,1,84,42,76,66,1.73425e-05,1398.62,23280,975985,307,82,129.33,P,N,Y
../benchmarks/depth_fusion32,1,1,0,0,64,0,1,0,2,1,1,1,0,0,1,79,43,56,59,4.28206e-05,999,33883,792486,-1,74,-1,F,Y,N
../benchmarks/depth_fusion33,1,1,0,0,64,0,1,0,2,1,1,1,0,1,1,72,36,63,59,3.95758e-05,828.761,19879,744046,242,74,136.89,P,N,Y
../benchmarks/depth_fusion34,1,1,0,0,64,0,1,0,2,1,1,2,0,0,1,79,43,59,59,4.28206e-05,999,33915,791566,-1,74,-1,F,Y,N
../benchmarks/depth_fusion35,1,1,0,0,64,0,1,0,2,1,1,2,0,1,1,72,36,66,59,3.95758e-05,814.903,19803,744953,243,74,137.45,P,N,Y
../benchmarks/depth_fusion36,1,1,0,0,64,0,1,0,2,1,2,1,0,0,1,79,43,57,59,4.28206e-05,999,33891,791798,-1,74,-1,F,Y,N
../benchmarks/depth_fusion37,1,1,0,0,64,0,1,0,2,1,2,1,0,1,1,72,36,64,59,4.26201e-05,823.429,19844,745054,242,74,136.64,P,N,Y
../benchmarks/depth_fusion38,1,1,0,0,64,0,1,0,2,1,2,2,0,0,1,79,43,59,59,4.58792e-05,999,33882,791438,-1,74,-1,F,Y,N
../benchmarks/depth_fusion39,1,1,0,0,64,0,1,0,2,1,2,2,0,1,1,72,36,66,59,4.26201e-05,832.315,19789,744825,243,74,132.99,P,N,Y
../benchmarks/depth_fusion48,1,1,0,0,64,0,1,1,1,1,1,1,0,0,1,61,32,50,33,0.000177526,3826.39,20984,924634,197,41,122.97,P,N,Y
../benchmarks/depth_fusion49,1,1,0,0,64,0,1,1,1,1,1,1,0,1,1,53,27,42,33,0.000159048,971.642,13106,593443,151,41,133.36,P,N,Y
../benchmarks/depth_fusion50,1,1,0,0,64,0,1,1,1,1,1,2,0,0,1,61,32,44,33,0.000171282,3716.16,21081,670985,169,41,126.56,P,N,Y
../benchmarks/depth_fusion51,1,1,0,0,64,0,1,1,1,1,1,2,0,1,1,53,27,44,33,0.000159048,983.687,13065,592917,152,41,130.13,P,N,Y
../benchmarks/depth_fusion52,1,1,0,0,64,0,1,1,1,1,2,1,0,0,1,61,33,43,33,0.000171282,3846.44,21161,671129,168,41,122.3,P,N,Y
../benchmarks/depth_fusion53,1,1,0,0,64,0,1,1,1,1,2,1,0,1,1,53,27,43,33,0.000146126,1012.76,13217,592931,154,41,126.83,P,N,Y
../benchmarks/depth_fusion54,1,1,0,0,64,0,1,1,1,1,2,2,0,0,1,61,33,45,33,0.000171282,3941.94,21131,670473,169,41,118.97,P,N,Y
../benchmarks/depth_fusion55,1,1,0,0,64,0,1,1,1,1,2,2,0,1,1,53,27,45,33,0.000146126,951.286,13146,592405,155,41,133.49,P,N,Y
../benchmarks/depth_fusion56,1,1,0,0,64,0,1,1,1,2,1,1,0,0,1,90,49,67,66,3.43579e-05,999,35895,1018674,-1,82,-1,F,Y,N
../benchmarks/depth_fusion57,1,1,0,0,64,0,1,1,1,2,1,1,0,1,1,74,36,57,66,4.19929e-05,1040.21,21182,897150,248,82,130.49,P,N,Y
../benchmarks/depth_fusion58,1,1,0,0,64,0,1,1,1,2,1,2,0,0,1,90,49,67,66,2.64291e-05,999,35953,1019538,-1,82,-1,F,Y,N
../benchmarks/depth_fusion59,1,1,0,0,64,0,1,1,1,2,1,2,0,1,1,74,36,57,66,4.12294e-05,1037.09,21228,898008,250,82,129.69,P,N,Y
../benchmarks/depth_fusion61,1,1,0,0,64,0,1,1,1,2,2,1,0,1,1,75,37,58,66,3.09221e-05,1020.0,21364,900734,250,82,132.1,P,N,Y
../benchmarks/depth_fusion63,1,1,0,0,64,0,1,1,1,2,2,2,0,1,1,75,37,58,66,3.03494e-05,1041.4,21353,901720,252,82,128.18,P,N,Y
../benchmarks/depth_fusion64,1,1,0,0,64,0,1,1,2,1,1,1,0,0,1,87,48,65,66,0.000171282,999,37301,1098344,-1,82,-1,F,Y,N
../benchmarks/depth_fusion65,1,1,0,0,64,0,1,1,2,1,1,1,0,1,1,68,34,51,66,0.000158303,66.314,19028,698171,204,82,110.09,P,N,Y
../benchmarks/depth_fusion66,1,1,0,0,64,0,1,1,2,1,1,2,0,0,1,87,48,66,66,0.000171282,999,37317,1096920,-1,82,-1,F,Y,N
../benchmarks/depth_fusion67,1,1,0,0,64,0,1,1,2,1,1,2,0,1,1,68,34,52,66,0.000158303,58.147,18944,697706,205,82,99.13,P,N,Y
../benchmarks/depth_fusion68,1,1,0,0,64,0,1,1,2,1,2,1,0,0,1,87,48,65,66,0.000171282,999,37393,1097832,-1,82,-1,F,Y,N
../benchmarks/depth_fusion69,1,1,0,0,64,0,1,1,2,1,2,1,0,1,1,68,34,51,66,0.00017048,57.928,19001,697659,204,82,108.81,P,N,Y
../benchmarks/depth_fusion70,1,1,0,0,64,0,1,1,2,1,2,2,0,0,1,87,48,66,66,0.000183517,999,37187,1096792,-1,82,-1,F,Y,N
../benchmarks/depth_fusion71,1,1,0,0,64,0,1,1,2,1,2,2,0,1,1,68,34,52,66,0.00017048,44.2772,18919,697578,205,82,108.1,P,N,Y
../benchmarks/depth_fusion80,1,1,0,0,64,0,2,0,1,1,1,1,0,0,1,63,32,59,33,4.41033e-05,64.2226,15291,779278,217,41,137.3,P,N,Y
../benchmarks/depth_fusion81,1,1,0,0,64,0,2,0,1,1,1,1,0,1,1,63,33,55,33,3.82229e-05,61.4167,15291,767634,217,41,137.0,P,N,Y
../benchmarks/depth_fusion82,1,1,0,0,64,0,2,0,1,1,1,2,0,0,1,61,31,56,33,4.4364e-05,54.9016,15014,687851,198,41,133.22,P,N,Y
../benchmarks/depth_fusion83,1,1,0,0,64,0,2,0,1,1,1,2,0,1,1,61,31,54,33,3.84488e-05,51.8506,15085,675667,198,41,133.45,P,N,Y
../benchmarks/depth_fusion84,1,1,0,0,64,0,2,0,1,1,2,1,0,0,1,62,32,55,33,4.14064e-05,55.1083,15239,690128,195,41,137.4,P,N,Y
../benchmarks/depth_fusion85,1,1,0,0,64,0,2,0,1,1,2,1,0,1,1,62,32,55,33,3.41356e-05,57.3624,15193,702188,197,41,132.32,P,N,Y
../benchmarks/depth_fusion86,1,1,0,0,64,0,2,0,1,1,2,2,0,0,1,61,32,57,33,4.13902e-05,45.6374,15125,687339,198,41,133.38,P,N,Y
../benchmarks/depth_fusion87,1,1,0,0,64,0,2,0,1,1,2,2,0,1,1,61,31,57,33,3.41222e-05,44.6498,15094,699335,200,41,137.85,P,N,Y
../benchmarks/depth_fusion88,1,1,0,0,64,0,2,0,1,2,1,1,0,0,1,85,43,75,66,2.07577e-05,65.6155,22606,951342,292,82,131.8,P,N,Y
../benchmarks/depth_fusion89,1,1,0,0,64,0,2,0,1,2,1,1,0,1,1,84,42,69,66,1.76604e-05,63.6483,22537,914080,282,82,137.08,P,N,Y
../benchmarks/depth_fusion90,1,1,0,0,64,0,2,0,1,2,1,2,0,0,1,85,43,75,66,2.03802e-05,55.8781,22600,952206,294,82,133.17,P,N,Y
../benchmarks/depth_fusion91,1,1,0,0,64,0,2,0,1,2,1,2,0,1,1,84,42,69,66,1.73334e-05,54.8824,22555,914944,284,82,136.91,P,N,Y
../benchmarks/depth_fusion92,1,1,0,0,64,0,2,0,1,2,2,1,0,0,1,86,44,75,66,1.90189e-05,57.8765,22691,954926,292,82,132.87,P,N,Y
../benchmarks/depth_fusion93,1,1,0,0,64,0,2,0,1,2,2,1,0,1,1,85,43,71,66,1.70063e-05,58.2529,22696,917664,284,82,133.01,P,N,Y
../benchmarks/depth_fusion94,1,1,0,0,64,0,2,0,1,2,2,2,0,0,1,86,44,75,66,1.86693e-05,48.5855,22780,955918,294,82,133.1,P,N,Y
../benchmarks/depth_fusion95,1,1,0,0,64,0,2,0,1,2,2,2,0,1,1,85,43,71,66,1.66793e-05,49.5342,22748,918656,286,82,132.2,P,N,Y
../benchmarks/depth_fusion96,1,1,0,0,64,0,2,0,2,1,1,1,0,0,1,76,39,72,59,4.11631e-05,59.4452,20193,917817,278,74,137.11,P,N,Y
../benchmarks/depth_fusion97,1,1,0,0,64,0,2,0,2,1,1,1,0,1,1,74,37,68,59,3.67616e-05,59.6351,19920,878879,267,74,136.87,P,N,Y
../benchmarks/depth_fusion98,1,1,0,0,64,0,2,0,2,1,1,2,0,0,1,74,38,69,59,4.13902e-05,48.3456,19849,820905,258,74,136.79,P,N,Y
../benchmarks/depth_fusion99,1,1,0,0,64,0,2,0,2,1,1,2,0,1,1,73,37,66,59,3.69657e-05,50.3552,19731,790340,251,74,131.01,P,N,Y
../benchmarks/depth_fusion100,1,1,0,0,64,0,2,0,2,1,2,1,0,0,1,74,38,67,59,4.13902e-05,52.15,19961,820878,257,74,130.47,P,N,Y
../benchmarks/depth_fusion101,1,1,0,0,64,0,2,0,2,1,2,1,0,1,1,73,37,65,59,3.98092e-05,50.3298,19843,790377,249,74,136.79,P,N,Y
../benchmarks/depth_fusion102,1,1,0,0,64,0,2,0,2,1,2,2,0,0,1,74,38,69,59,4.43466e-05,39.9639,19900,820777,258,74,132.99,P,N,Y
../benchmarks/depth_fusion103,1,1,0,0,64,0,2,0,2,1,2,2,0,1,1,73,37,66,59,3.98092e-05,40.1566,19755,790212,250,74,133.03,P,N,Y
../benchmarks/depth_fusion112,1,1,0,0,64,0,2,1,1,1,1,1,0,0,1,61,33,57,33,0.000176413,3804.11,21150,1125505,225,41,123.9,P,N,Y
../benchmarks/depth_fusion113,1,1,0,0,64,0,2,1,1,1,1,1,0,1,1,53,27,39,33,0.000152892,63.4299,12947,670523,160,41,129.81,P,N,Y
../benchmarks/depth_fusion114,1,1,0,0,64,0,2,1,1,1,1,2,0,0,1,61,32,51,33,0.000177456,4185.96,21033,868937,192,41,112.35,P,N,Y
../benchmarks/depth_fusion115,1,1,0,0,64,0,2,1,1,1,1,2,0,1,1,52,26,39,33,0.000153795,52.084,12934,615844,156,41,129.18,P,N,Y
../benchmarks/depth_fusion116,1,1,0,0,64,0,2,1,1,1,2,1,0,0,1,62,33,50,33,0.000165626,4230.39,21275,871193,191,41,111.2,P,N,Y
../benchmarks/depth_fusion117,1,1,0,0,64,0,2,1,1,1,2,1,0,1,1,53,27,39,33,0.000136543,58.0051,13063,633938,153,41,127.79,P,N,Y
../benchmarks/depth_fusion118,1,1,0,0,64,0,2,1,1,1,2,2,0,0,1,61,32,51,33,0.000165561,3869.49,21160,868425,194,41,121.16,P,N,Y
../benchmarks/depth_fusion119,1,1,0,0,64,0,2,1,1,1,2,2,0,1,1,52,26,40,33,0.000136489,43.2295,12956,631301,156,41,137.34,P,N,Y
../benchmarks/depth_fusion120,1,1,0,0,64,0,2,1,1,2,1,1,0,0,1,90,49,68,66,4.84345e-05,999,35943,1030962,-1,82,-1,F,Y,N
../benchmarks/depth_fusion121,1,1,0,0,64,0,2,1,1,2,1,1,0,1,1,74,36,55,66,4.12134e-05,68.5725,20636,876306,238,82,124.26,P,N,Y
../benchmarks/depth_fusion123,1,1,0,0,64,0,2,1,1,2,1,2,0,1,1,74,36,55,66,3.03376e-05,57.1016,20677,877170,240,82,128.15,P,N,Y
../benchmarks/depth_fusion125,1,1,0,0,64,0,2,1,1,2,2,1,0,1,1,76,37,57,66,2.97652e-05,61.0105,20873,879890,240,82,123.07,P,N,Y
../benchmarks/depth_fusion127,1,1,0,0,64,0,2,1,1,2,2,2,0,1,1,76,37,57,66,2.33543e-05,50.8812,20848,880882,242,82,123.96,P,N,Y
../benchmarks/depth_fusion128,1,1,0,0,64,0,2,1,2,1,1,1,0,0,1,87,48,78,66,0.000164653,999,37354,1564557,-1,82,-1,F,Y,N
../benchmarks/depth_fusion129,1,1,0,0,64,0,2,1,2,1,1,1,0,1,1,66,33,48,66,0.000147047,75.1925,19035,786482,216,82,102.07,P,N,Y
../benchmarks/depth_fusion130,1,1,0,0,64,0,2,1,2,1,1,2,0,0,1,87,47,72,66,0.000165561,999,37240,1303128,-1,82,-1,F,Y,N
../benchmarks/depth_fusion131,1,1,0,0,64,0,2,1,2,1,1,2,0,1,1,66,32,48,66,0.000147863,56.0028,18988,735182,211,82,112.05,P,N,Y
../benchmarks/depth_fusion132,1,1,0,0,64,0,2,1,2,1,2,1,0,0,1,87,48,71,66,0.000165561,999,37303,1304040,-1,82,-1,F,Y,N
../benchmarks/depth_fusion133,1,1,0,0,64,0,2,1,2,1,2,1,0,1,1,66,33,47,66,0.000159237,63.7793,19115,735007,210,82,100.63,P,N,Y
../benchmarks/depth_fusion134,1,1,0,0,64,0,2,1,2,1,2,2,0,0,1,87,48,72,66,0.000177387,999,37224,1303000,-1,82,-1,F,Y,N
../benchmarks/depth_fusion135,1,1,0,0,64,0,2,1,2,1,2,2,0,1,1,66,32,48,66,0.000159237,46.8535,19055,735054,211,82,105.66,P,N,Y
../benchmarks/depth_fusion144,1,1,0,0,64,1,0,0,1,1,1,1,0,0,1,55,28,56,31,4.76837e-05,7998.57,15249,1148237,241,39,133.45,P,N,Y
../benchmarks/depth_fusion145,1,1,0,0,64,1,0,0,1,1,1,1,0,1,1,57,29,63,31,4.76837e-05,7949.55,15345,1172186,246,39,133.19,P,N,Y
../benchmarks/depth_fusion146,1,1,0,0,64,1,0,0,1,1,1,1,1,0,1,56,29,93,31,3.28915e-05,2088.67,22217,2728002,397,39,131.06,P,N,Y
../benchmarks/depth_fusion148,1,1,0,0,64,1,0,0,1,2,1,1,0,0,1,86,45,91,63,4.76837e-05,999,41688,1898700,-1,78,-1,F,Y,N
../benchmarks/depth_fusion152,1,1,0,0,64,1,0,0,2,1,1,1,0,0,1,68,35,69,55,4.76837e-05,4212.41,20230,1428096,307,70,132.94,P,N,Y
../benchmarks/depth_fusion153,1,1,0,0,64,1,0,0,2,1,1,1,0,1,1,70,36,76,55,4.14848e-05,4075.74,20078,1376265,305,70,136.87,P,N,Y
../benchmarks/depth_fusion154,1,1,0,0,64,1,0,0,2,1,1,1,1,0,1,71,37,99,55,2.69304e-05,999,32226,2767394,-1,70,-1,F,Y,N
../benchmarks/depth_fusion160,1,1,0,0,64,1,0,1,1,1,1,1,0,0,1,53,28,37,31,0.000190735,3674.42,19316,630480,157,39,125.61,P,N,Y
../benchmarks/depth_fusion161,1,1,0,0,64,1,0,1,1,1,1,1,0,1,1,51,26,52,31,0.000190735,7545.06,13789,1024052,198,39,133.45,P,N,Y
../benchmarks/depth_fusion162,1,1,0,0,64,1,0,1,1,1,1,1,1,0,1,47,23,90,31,0.000131566,1150.4,12406,2607936,397,39,128.68,P,N,Y
../benchmarks/depth_fusion163,1,1,0,0,64,1,0,1,1,1,1,1,1,1,1,49,24,97,31,0.000131566,7568.33,14255,2968300,397,39,133.01,P,N,Y
../benchmarks/depth_fusion164,1,1,0,0,64,1,0,1,1,2,1,1,0,0,1,85,47,63,63,0.000190735,999,34330,1000288,-1,78,-1,F,Y,N
../benchmarks/depth_fusion165,1,1,0,0,64,1,0,1,1,2,1,1,0,1,1,73,36,61,63,0.000190735,8278.16,23383,1580400,310,78,127.38,P,N,Y
../benchmarks/depth_fusion168,1,1,0,0,64,1,0,1,2,1,1,1,0,0,1,78,42,58,63,0.000190735,999,35075,1051904,-1,78,-1,F,Y,N
../benchmarks/depth_fusion169,1,1,0,0,64,1,0,1,2,1,1,1,0,1,1,67,35,62,63,0.000165838,26.5537,18286,718993,206,78,106.74,P,N,Y
../benchmarks/depth_fusion171,1,1,0,0,64,1,0,1,2,1,1,1,1,1,1,63,31,99,63,0.000107643,22.4805,18489,2630459,397,78,106.06,P,N,Y
../benchmarks/depth_fusion176,1,1,0,0,64,1,1,0,1,1,1,1,0,0,1,62,33,47,31,4.59867e-05,2051.71,22151,679318,189,39,125.72,P,N,Y
../benchmarks/depth_fusion177,1,1,0,0,64,1,1,0,1,1,1,1,0,1,1,59,30,53,31,3.97619e-05,1356.25,14640,628274,188,39,128.86,P,N,Y
../benchmarks/depth_fusion178,1,1,0,0,64,1,1,0,1,1,1,1,1,0,1,57,28,100,31,3.2878e-05,1117.98,15239,2639607,397,39,132.9,P,N,Y
../benchmarks/depth_fusion179,1,1,0,0,64,1,1,0,1,1,1,1,1,1,1,57,28,100,31,2.84826e-05,1135.09,15484,2634319,397,39,133.26,P,N,Y
../benchmarks/depth_fusion180,1,1,0,0,64,1,1,0,1,1,1,2,0,0,1,62,33,50,31,4.28206e-05,1995.22,22244,678382,193,39,132.88,P,N,Y
../benchmarks/depth_fusion181,1,1,0,0,64,1,1,0,1,1,1,2,0,1,1,59,30,55,31,3.97619e-05,1299.98,14636,629355,189,39,133.42,P,N,Y
../benchmarks/depth_fusion184,1,1,0,0,64,1,1,0,1,1,2,1,0,0,1,63,33,49,31,4.28206e-05,1943.03,22327,678614,192,39,135.86,P,N,Y
../benchmarks/depth_fusion185,1,1,0,0,64,1,1,0,1,1,2,1,0,1,1,59,30,55,31,3.65315e-05,1351.86,14755,629454,191,39,128.46,P,N,Y
../benchmarks/depth_fusion188,1,1,0,0,64,1,1,0,1,1,2,2,0,0,1,62,33,50,31,4.28206e-05,1996.8,22260,677870,193,39,130.63,P,N,Y
../benchmarks/depth_fusion189,1,1,0,0,64,1,1,0,1,1,2,2,0,1,1,59,30,56,31,3.65315e-05,1296.87,14697,628843,192,39,132.99,P,N,Y
../benchmarks/depth_fusion193,1,1,0,0,64,1,1,0,1,2,1,1,0,1,1,83,41,75,63,1.7997e-05,1355.2,22592,969040,303,78,135.33,P,N,Y
../benchmarks/depth_fusion197,1,1,0,0,64,1,1,0,1,2,1,2,0,1,1,83,41,75,63,1.76698e-05,1364.46,22601,969898,305,78,133.54,P,N,Y
../benchmarks/depth_fusion201,1,1,0,0,64,1,1,0,1,2,2,1,0,1,1,83,42,75,63,1.76673e-05,1333.49,22731,972624,305,78,136.81,P,N,Y
../benchmarks/depth_fusion205,1,1,0,0,64,1,1,0,1,2,2,2,0,1,1,83,42,75,63,1.73425e-05,1319.84,22769,973610,307,78,137.23,P,N,Y
../benchmarks/depth_fusion208,1,1,0,0,64,1,1,0,2,1,1,1,0,0,1,78,42,55,55,4.28206e-05,999,32935,792374,-1,70,-1,F,Y,N
../benchmarks/depth_fusion209,1,1,0,0,64,1,1,0,2,1,1,1,0,1,1,71,36,63,55,3.95758e-05,850.592,19282,743146,244,70,133.01,P,N,Y
../benchmarks/depth_fusion212,1,1,0,0,64,1,1,0,2,1,1,2,0,0,1,78,42,58,55,4.28206e-05,999,32866,791438,-1,70,-1,F,Y,N
../benchmarks/depth_fusion213,1,1,0,0,64,1,1,0,2,1,1,2,0,1,1,71,36,66,55,3.95758e-05,840.747,19244,744075,246,70,132.89,P,N,Y
../benchmarks/depth_fusion216,1,1,0,0,64,1,1,0,2,1,2,1,0,0,1,78,42,56,55,4.28206e-05,999,32901,791670,-1,70,-1,F,Y,N
../benchmarks/depth_fusion217,1,1,0,0,64,1,1,0,2,1,2,1,0,1,1,71,36,64,55,4.26201e-05,821.649,19250,744174,245,70,136.78,P,N,Y
../benchmarks/depth_fusion220,1,1,0,0,64,1,1,0,2,1,2,2,0,0,1,78,42,58,55,4.58792e-05,999,32848,791310,-1,70,-1,F,Y,N
../benchmarks/depth_fusion221,1,1,0,0,64,1,1,0,2,1,2,2,0,1,1,71,36,66,55,4.26201e-05,809.584,19257,743947,246,70,136.78,P,N,Y
../benchmarks/depth_fusion240,1,1,0,0,64,1,1,1,1,1,1,1,0,0,1,60,32,50,31,0.000177526,4198.57,20374,924218,196,39,110.69,P,N,Y
../benchmarks/depth_fusion241,1,1,0,0,64,1,1,1,1,1,1,1,0,1,1,53,27,42,31,0.000159048,1030.05,12673,593184,149,39,125.67,P,N,Y
../benchmarks/depth_fusion242,1,1,0,0,64,1,1,1,1,1,1,1,1,0,1,51,25,98,31,0.000130704,1197.23,13628,2865181,397,39,127.35,P,N,Y
../benchmarks/depth_fusion243,1,1,0,0,64,1,1,1,1,1,1,1,1,1,1,51,25,90,31,0.00011393,1097.54,12849,2607621,397,39,117.59,P,N,Y
../benchmarks/depth_fusion244,1,1,0,0,64,1,1,1,1,1,1,2,0,0,1,60,32,44,31,0.000171282,3789.11,20444,670953,167,39,122.56,P,N,Y
../benchmarks/depth_fusion245,1,1,0,0,64,1,1,1,1,1,1,2,0,1,1,53,26,44,31,0.000159048,960.853,12637,592661,150,39,133.19,P,N,Y
../benchmarks/depth_fusion246,1,1,0,0,64,1,1,1,1,1,1,2,1,0,1,51,25,91,31,0.000122694,1207.85,12966,2616983,397,39,125.12,P,N,Y
../benchmarks/depth_fusion247,1,1,0,0,64,1,1,1,1,1,1,2,1,1,1,51,25,91,31,0.00011393,979.02,12853,2607156,397,39,130.36,P,N,Y
../benchmarks/depth_fusion248,1,1,0,0,64,1,1,1,1,1,2,1,0,0,1,60,32,43,31,0.000171282,3738.35,20552,671097,166,39,124.25,P,N,Y
../benchmarks/depth_fusion249,1,1,0,0,64,1,1,1,1,1,2,1,0,1,1,53,27,43,31,0.000146126,963.191,12793,592672,152,39,133.36,P,N,Y
../benchmarks/depth_fusion250,1,1,0,0,64,1,1,1,1,1,2,1,1,0,1,52,25,91,31,0.000122694,1271.71,13052,2616794,397,39,119.07,P,N,Y
../benchmarks/depth_fusion251,1,1,0,0,64,1,1,1,1,1,2,1,1,1,1,51,25,90,31,0.00010508,934.668,12993,2606949,397,39,137.02,P,N,Y
../benchmarks/depth_fusion252,1,1,0,0,64,1,1,1,1,1,2,2,0,0,1,60,32,44,31,0.000171282,3863.78,20474,670441,167,39,119.8,P,N,Y
../benchmarks/depth_fusion253,1,1,0,0,64,1,1,1,1,1,2,2,0,1,1,53,27,45,31,0.000146126,947.822,12722,592149,153,39,133.97,P,N,Y
../benchmarks/depth_fusion254,1,1,0,0,64,1,1,1,1,1,2,2,1,0,1,52,25,92,31,0.000122694,1186.44,12978,2616438,397,39,126.4,P,N,Y
../benchmarks/depth_fusion255,1,1,0,0,64,1,1,1,1,1,2,2,1,1,1,51,25,92,31,0.00010508,942.101,12957,2606574,397,39,134.35,P,N,Y
../benchmarks/depth_fusion256,1,1,0,0,64,1,1,1,1,2,1,1,0,0,1,89,49,66,63,3.43579e-05,999,34871,1018610,-1,78,-1,F,Y,N
../benchmarks/depth_fusion257,1,1,0,0,64,1,1,1,1,2,1,1,0,1,1,73,36,57,63,4.19929e-05,1008.96,20654,896031,244,78,134.55,P,N,Y
../benchmarks/depth_fusion260,1,1,0,0,64,1,1,1,1,2,1,2,0,0,1,89,49,66,63,2.64291e-05,999,34948,1019474,-1,78,-1,F,Y,N
../benchmarks/depth_fusion261,1,1,0,0,64,1,1,1,1,2,1,2,0,1,1,73,36,57,63,4.12294e-05,1018.1,20650,896889,246,78,132.11,P,N,Y
../benchmarks/depth_fusion264,1,1,0,0,64,1,1,1,1,2,2,1,0,0,1,90,49,66,63,2.64291e-05,999,35046,1022194,-1,78,-1,F,Y,N
../benchmarks/depth_fusion265,1,1,0,0,64,1,1,1,1,2,2,1,0,1,1,74,36,58,63,3.09221e-05,984.867,20806,899615,246,78,136.83,P,N,Y
../benchmarks/depth_fusion268,1,1,0,0,64,1,1,1,1,2,2,2,0,0,1,90,49,66,63,2.11433e-05,999,35119,1023186,-1,78,-1,F,Y,N
../benchmarks/depth_fusion269,1,1,0,0,64,1,1,1,1,2,2,2,0,1,1,74,36,58,63,3.03494e-05,1017.38,20829,900601,248,78,131.21,P,N,Y
../benchmarks/depth_fusion272,1,1,0,0,64,1,1,1,2,1,1,1,0,0,1,86,47,63,63,0.000171282,999,36325,1098296,-1,78,-1,F,Y,N
../benchmarks/depth_fusion273,1,1,0,0,64,1,1,1,2,1,1,1,0,1,1,67,34,51,63,0.000158303,68.002,18476,696866,200,78,106.75,P,N,Y
../benchmarks/depth_fusion275,1,1,0,0,64,1,1,1,2,1,1,1,1,1,1,64,31,94,63,9.44086e-05,66.8583,18867,2613275,397,78,104.11,P,N,Y
../benchmarks/depth_fusion276,1,1,0,0,64,1,1,1,2,1,1,2,0,0,1,86,47,65,63,0.000171282,999,36356,1096872,-1,78,-1,F,Y,N
../benchmarks/depth_fusion277,1,1,0,0,64,1,1,1,2,1,1,2,0,1,1,67,34,53,63,0.000158303,53.6097,18409,696404,201,78,108.33,P,N,Y
../benchmarks/depth_fusion279,1,1,0,0,64,1,1,1,2,1,1,2,1,1,1,64,31,95,63,9.44086e-05,55.5109,18830,2612609,397,78,98.17,P,N,Y
../benchmarks/depth_fusion280,1,1,0,0,64,1,1,1,2,1,2,1,0,0,1,86,47,63,63,0.000171282,999,36297,1097784,-1,78,-1,F,Y,N
../benchmarks/depth_fusion281,1,1,0,0,64,1,1,1,2,1,2,1,0,1,1,67,34,51,63,0.00017048,57.6545,18466,696354,200,78,109.08,P,N,Y
../benchmarks/depth_fusion283,1,1,0,0,64,1,1,1,2,1,2,1,1,1,1,64,31,94,63,0.000101671,54.9842,18864,2612763,397,78,108.02,P,N,Y
../benchmarks/depth_fusion284,1,1,0,0,64,1,1,1,2,1,2,2,0,0,1,86,47,65,63,0.000183517,999,36250,1096744,-1,78,-1,F,Y,N
../benchmarks/depth_fusion285,1,1,0,0,64,1,1,1,2,1,2,2,0,1,1,67,34,53,63,0.00017048,44.7634,18395,696276,201,78,106.32,P,N,Y
../benchmarks/depth_fusion287,1,1,0,0,64,1,1,1,2,1,2,2,1,1,1,64,31,95,63,0.000101671,42.9932,18830,2612097,397,78,104.13,P,N,Y
../benchmarks/depth_fusion304,1,1,0,0,64,1,2,0,1,1,1,1,0,0,1,62,32,59,31,4.41033e-05,64.1093,14836,778975,217,39,137.38,P,N,Y
../benchmarks/depth_fusion305,1,1,0,0,64,1,2,0,1,1,1,1,0,1,1,62,32,55,31,3.82229e-05,61.245,14860,767331,216,39,137.21,P,N,Y
../benchmarks/depth_fusion308,1,1,0,0,64,1,2,0,1,1,1,2,0,0,1,60,31,56,31,4.4364e-05,54.8467,14567,687524,197,39,133.2,P,N,Y
../benchmarks/depth_fusion309,1,1,0,0,64,1,2,0,1,1,1,2,0,1,1,60,31,54,31,3.84488e-05,51.8264,14617,675403,197,39,133.35,P,N,Y
../benchmarks/depth_fusion310,1,1,0,0,64,1,2,0,1,1,1,2,1,0,1,58,29,98,31,3.26625e-05,54.4584,15054,2675043,397,39,129.36,P,N,Y
../benchmarks/depth_fusion311,1,1,0,0,64,1,2,0,1,1,1,2,1,1,1,58,29,99,31,2.83075e-05,49.7774,15188,2674293,397,39,133.54,P,N,Y
../benchmarks/depth_fusion312,1,1,0,0,64,1,2,0,1,1,2,1,0,0,1,61,32,55,31,4.14064e-05,56.9284,14777,689798,194,39,132.71,P,N,Y
../benchmarks/depth_fusion313,1,1,0,0,64,1,2,0,1,1,2,1,0,1,1,61,31,55,31,3.41356e-05,55.8287,14748,701921,196,39,135.91,P,N,Y
../benchmarks/depth_fusion314,1,1,0,0,64,1,2,0,1,1,2,1,1,0,1,58,29,97,31,3.0485e-05,56.0473,15187,2679652,397,39,130.19,P,N,Y
../benchmarks/depth_fusion315,1,1,0,0,64,1,2,0,1,1,2,1,1,1,1,59,30,98,31,2.83075e-05,53.7295,15388,2677125,397,39,132.39,P,N,Y
../benchmarks/depth_fusion316,1,1,0,0,64,1,2,0,1,1,2,2,0,0,1,61,31,57,31,4.13902e-05,45.9298,14694,687012,197,39,132.2,P,N,Y
../benchmarks/depth_fusion317,1,1,0,0,64,1,2,0,1,1,2,2,0,1,1,60,31,57,31,3.41222e-05,45.8026,14646,699071,199,39,133.19,P,N,Y
../benchmarks/depth_fusion318,1,1,0,0,64,1,2,0,1,1,2,2,1,0,1,58,29,98,31,3.04724e-05,44.603,15165,2674531,397,39,130.22,P,N,Y
../benchmarks/depth_fusion319,1,1,0,0,64,1,2,0,1,1,2,2,1,1,1,59,30,99,31,2.82958e-05,42.3684,15353,2674293,397,39,133.33,P,N,Y
../benchmarks/depth_fusion320,1,1,0,0,64,1,2,0,1,2,1,1,0,0,1,84,43,75,63,2.07577e-05,63.329,22082,951030,291,78,136.83,P,N,Y
../benchmarks/depth_fusion321,1,1,0,0,64,1,2,0,1,2,1,1,0,1,1,82,41,68,63,1.76604e-05,63.6415,21955,912029,281,78,136.87,P,N,Y
../benchmarks/depth_fusion324,1,1,0,0,64,1,2,0,1,2,1,2,0,0,1,84,43,75,63,2.03802e-05,55.865,22102,951894,293,78,133.01,P,N,Y
../benchmarks/depth_fusion325,1,1,0,0,64,1,2,0,1,2,1,2,0,1,1,82,42,68,63,1.73334e-05,56.3074,21956,912893,283,78,133.06,P,N,Y
../benchmarks/depth_fusion328,1,1,0,0,64,1,2,0,1,2,2,1,0,0,1,85,43,75,63,1.90189e-05,57.7503,22177,954614,291,78,133.06,P,N,Y
../benchmarks/depth_fusion329,1,1,0,0,64,1,2,0,1,2,2,1,0,1,1,84,42,70,63,1.70063e-05,58.4174,22118,915613,283,78,132.41,P,N,Y
../benchmarks/depth_fusion332,1,1,0,0,64,1,2,0,1,2,2,2,0,0,1,85,43,75,63,1.86693e-05,48.4989,22244,955606,293,78,133.06,P,N,Y
../benchmarks/depth_fusion333,1,1,0,0,64,1,2,0,1,2,2,2,0,1,1,84,42,70,63,1.66793e-05,48.8459,22138,916605,285,78,133.19,P,N,Y
../benchmarks/depth_fusion336,1,1,0,0,64,1,2,0,2,1,1,1,0,0,1,75,38,72,55,4.11631e-05,60.5215,19578,917370,276,70,132.87,P,N,Y
../benchmarks/depth_fusion337,1,1,0,0,64,1,2,0,2,1,1,1,0,1,1,73,37,68,55,3.67616e-05,59.9711,19391,877769,266,70,135.26,P,N,Y
../benchmarks/depth_fusion340,1,1,0,0,64,1,2,0,2,1,1,2,0,0,1,73,37,69,55,4.13902e-05,49.4209,19328,820464,256,70,132.97,P,N,Y
../benchmarks/depth_fusion341,1,1,0,0,64,1,2,0,2,1,1,2,0,1,1,72,36,65,55,3.69657e-05,48.3743,19159,789236,251,70,137.11,P,N,Y
../benchmarks/depth_fusion344,1,1,0,0,64,1,2,0,2,1,2,1,0,0,1,74,37,67,55,4.13902e-05,51.4148,19438,820434,255,70,132.52,P,N,Y
../benchmarks/depth_fusion345,1,1,0,0,64,1,2,0,2,1,2,1,0,1,1,72,36,64,55,3.98092e-05,51.3811,19279,789270,249,70,133.24,P,N,Y
../benchmarks/depth_fusion348,1,1,0,0,64,1,2,0,2,1,2,2,0,0,1,73,37,69,55,4.43466e-05,38.9912,19410,820336,256,70,136.78,P,N,Y
../benchmarks/depth_fusion349,1,1,0,0,64,1,2,0,2,1,2,2,0,1,1,72,36,65,55,3.98092e-05,39.1189,19175,789108,250,70,137.11,P,N,Y
../benchmarks/depth_fusion368,1,1,0,0,64,1,2,1,1,1,1,1,0,0,1,60,32,56,31,0.000176413,3978.7,20513,1125281,223,39,116.97,P,N,Y
../benchmarks/depth_fusion369,1,1,0,0,64,1,2,1,1,1,1,1,0,1,1,52,26,41,31,0.000152892,61.1648,12580,676778,162,39,134.28,P,N,Y
../benchmarks/depth_fusion371,1,1,0,0,64,1,2,1,1,1,1,1,1,1,1,52,26,90,31,0.00011253,60.304,12779,2685479,397,39,131.94,P,N,Y
../benchmarks/depth_fusion372,1,1,0,0,64,1,2,1,1,1,1,2,0,0,1,60,32,50,31,0.000177456,3753.28,20335,869289,189,39,123.73,P,N,Y
../benchmarks/depth_fusion373,1,1,0,0,64,1,2,1,1,1,1,2,0,1,1,52,26,39,31,0.000153795,50.6411,12452,619828,154,39,132.6,P,N,Y
../benchmarks/depth_fusion374,1,1,0,0,64,1,2,1,1,1,1,2,1,0,1,51,25,99,31,0.00013065,1162.05,13254,2815571,397,39,130.31,P,N,Y
../benchmarks/depth_fusion375,1,1,0,0,64,1,2,1,1,1,1,2,1,1,1,51,25,90,31,0.00011323,50.3557,12687,2631885,397,39,128.89,P,N,Y
../benchmarks/depth_fusion376,1,1,0,0,64,1,2,1,1,1,2,1,0,0,1,61,32,50,31,0.000165626,3749.52,20578,871161,189,39,123.88,P,N,Y
../benchmarks/depth_fusion377,1,1,0,0,64,1,2,1,1,1,2,1,0,1,1,52,26,39,31,0.000136543,56.4913,12637,637947,153,39,130.94,P,N,Y
../benchmarks/depth_fusion378,1,1,0,0,64,1,2,1,1,1,2,1,1,0,1,52,26,98,31,0.00012194,1248.5,13475,2817849,397,39,121.47,P,N,Y
../benchmarks/depth_fusion379,1,1,0,0,64,1,2,1,1,1,2,1,1,1,1,52,26,90,31,0.00010383,56.0798,12813,2649683,397,39,127.08,P,N,Y
../benchmarks/depth_fusion380,1,1,0,0,64,1,2,1,1,1,2,2,0,0,1,60,32,51,31,0.000165561,3861.56,20523,868393,192,39,119.86,P,N,Y
../benchmarks/depth_fusion381,1,1,0,0,64,1,2,1,1,1,2,2,0,1,1,52,26,41,31,0.000136489,44.8792,12526,635310,156,39,131.71,P,N,Y
../benchmarks/depth_fusion382,1,1,0,0,64,1,2,1,1,1,2,2,1,0,1,52,25,99,31,0.00012189,1184.22,13402,2814843,397,39,126.82,P,N,Y
../benchmarks/depth_fusion383,1,1,0,0,64,1,2,1,1,1,2,2,1,1,1,51,25,92,31,0.000103787,43.0803,12754,2646945,397,39,131.52,P,N,Y
../benchmarks/depth_fusion384,1,1,0,0,64,1,2,1,1,2,1,1,0,0,1,89,49,67,63,4.84345e-05,999,34977,1030898,-1,78,-1,F,Y,N
../benchmarks/depth_fusion385,1,1,0,0,64,1,2,1,1,2,1,1,0,1,1,73,36,55,63,4.12134e-05,68.8246,20099,875187,234,78,123.48,P,N,Y
../benchmarks/depth_fusion388,1,1,0,0,64,1,2,1,1,2,1,2,0,0,1,89,49,67,63,3.56654e-05,999,34955,1031762,-1,78,-1,F,Y,N
../benchmarks/depth_fusion389,1,1,0,0,64,1,2,1,1,2,1,2,0,1,1,73,36,55,63,3.03376e-05,56.556,20133,876051,236,78,129.14,P,N,Y
../benchmarks/depth_fusion392,1,1,0,0,64,1,2,1,1,2,2,1,0,0,1,90,49,67,63,3.32877e-05,999,34962,1034482,-1,78,-1,F,Y,N
../benchmarks/depth_fusion393,1,1,0,0,64,1,2,1,1,2,2,1,0,1,1,75,37,56,63,2.97652e-05,59.9356,20298,878771,236,78,125.09,P,N,Y
../benchmarks/depth_fusion396,1,1,0,0,64,1,2,1,1,2,2,2,0,0,1,90,49,67,63,2.6137e-05,999,35080,1035474,-1,78,-1,F,Y,N
../benchmarks/depth_fusion397,1,1,0,0,64,1,2,1,1,2,2,2,0,1,1,75,37,56,63,2.33543e-05,48.8154,20289,879763,238,78,129.46,P,N,Y
../benchmarks/depth_fusion400,1,1,0,0,64,1,2,1,2,1,1,1,0,0,1,86,47,77,63,0.000164653,999,36489,1576605,-1,78,-1,F,Y,N
../benchmarks/depth_fusion401,1,1,0,0,64,1,2,1,2,1,1,1,0,1,1,66,32,48,63,0.000147047,72.4392,18476,785213,212,78,106.37,P,N,Y
../benchmarks/depth_fusion403,1,1,0,0,64,1,2,1,2,1,1,1,1,1,1,64,31,97,63,9.27404e-05,68.7335,18897,2704254,397,78,107.51,P,N,Y
../benchmarks/depth_fusion404,1,1,0,0,64,1,2,1,2,1,1,2,0,0,1,86,47,71,63,0.000165561,999,36370,1291432,-1,78,-1,F,Y,N
../benchmarks/depth_fusion405,1,1,0,0,64,1,2,1,2,1,1,2,0,1,1,65,32,48,63,0.000147863,59.2616,18418,733916,208,78,105.56,P,N,Y
../benchmarks/depth_fusion407,1,1,0,0,64,1,2,1,2,1,1,2,1,1,1,63,31,97,63,9.32468e-05,999,-1,-1,-1,-1,-1,F,Y,N
../benchmarks/depth_fusion408,1,1,0,0,64,1,2,1,2,1,2,1,0,0,1,86,47,70,63,0.000165561,999,36290,1291896,-1,78,-1,F,Y,N
../benchmarks/depth_fusion409,1,1,0,0,64,1,2,1,2,1,2,1,0,1,1,65,32,47,63,0.000159237,57.8605,18559,733738,207,78,112.58,P,N,Y
../benchmarks/depth_fusion411,1,1,0,0,64,1,2,1,2,1,2,1,1,1,1,64,31,96,63,0.00010042,61.6523,18954,2650394,397,78,99.6,P,N,Y
../benchmarks/depth_fusion412,1,1,0,0,64,1,2,1,2,1,2,2,0,0,1,86,47,71,63,0.000177387,999,36299,1291304,-1,78,-1,F,Y,N
../benchmarks/depth_fusion413,1,1,0,0,64,1,2,1,2,1,2,2,0,1,1,65,32,48,63,0.000159237,45.4493,18481,733788,208,78,109.11,P,N,Y
../benchmarks/depth_fusion415,1,1,0,0,64,1,2,1,2,1,2,2,1,1,1,63,31,97,63,0.00010042,42.8247,18903,2649600,397,78,109.18,P,N,Y
../benchmarks/depth_fusion432,1,1,0,1,64,0,0,0,1,1,1,1,0,0,1,51,25,39,33,0.195312,81.3203,13211,853664,171,41,136.93,P,N,Y
../benchmarks/depth_fusion433,1,1,0,1,64,0,0,0,1,1,1,1,0,1,1,52,25,40,33,0.195312,73.616,13334,950336,184,41,136.87,P,N,Y
../benchmarks/depth_fusion434,1,1,0,1,64,0,0,0,2,1,1,1,0,0,1,69,34,59,59,0.195312,80.1271,19690,1420102,296,74,132.83,P,N,Y
../benchmarks/depth_fusion435,1,1,0,1,64,0,0,0,2,1,1,1,0,1,1,71,35,59,59,0.195312,71.5966,20145,1508955,309,74,132.36,P,N,Y
../benchmarks/depth_fusion436,1,1,0,1,64,0,0,1,1,1,1,1,0,0,1,55,26,46,33,0.195312,80.4705,13572,881180,191,41,132.88,P,N,Y
../benchmarks/depth_fusion437,1,1,0,1,64,0,0,1,1,1,1,1,0,1,1,52,25,40,33,0.195312,73.6359,12993,921340,184,41,130.9,P,N,Y
../benchmarks/depth_fusion438,1,1,0,1,64,0,0,1,2,1,1,1,0,0,1,76,36,65,66,0.181628,56.665,22292,1435935,350,82,118.25,P,N,Y
../benchmarks/depth_fusion439,1,1,0,1,64,0,0,1,2,1,1,1,0,1,1,67,33,49,66,0.169829,51.89,19194,1017751,240,82,135.22,P,N,Y
../benchmarks/depth_fusion504,1,1,0,1,64,1,0,0,1,1,1,1,0,0,1,50,24,39,31,0.195312,81.6115,12799,853493,170,39,137.26,P,N,Y
../benchmarks/depth_fusion505,1,1,0,1,64,1,0,0,1,1,1,1,0,1,1,51,25,40,31,0.195312,73.6126,12869,950189,182,39,132.89,P,N,Y
../benchmarks/depth_fusion508,1,1,0,1,64,1,0,0,2,1,1,1,0,0,1,68,33,57,55,0.195312,80.0658,19081,1324306,279,70,136.7,P,N,Y
../benchmarks/depth_fusion509,1,1,0,1,64,1,0,0,2,1,1,1,0,1,1,70,34,58,55,0.195312,71.4771,19378,1493298,300,70,129.63,P,N,Y
../benchmarks/depth_fusion512,1,1,0,1,64,1,0,1,1,1,1,1,0,0,1,55,26,46,31,0.195312,80.4647,13124,880469,191,39,132.01,P,N,Y
../benchmarks/depth_fusion513,1,1,0,1,64,1,0,1,1,1,1,1,0,1,1,51,25,40,31,0.195312,73.7101,12569,920941,184,39,128.51,P,N,Y
../benchmarks/depth_fusion516,1,1,0,1,64,1,0,1,2,1,1,1,0,0,1,75,36,66,63,0.181628,56.6113,21967,1457143,356,78,128.88,P,N,Y
../benchmarks/depth_fusion517,1,1,0,1,64,1,0,1,2,1,1,1,0,1,1,66,32,48,63,0.169829,52.0576,18743,1014807,239,78,128.69,P,N,Y
../benchmarks/depth_fusion648,1,1,0,1,128,0,0,0,1,1,1,1,0,0,1,51,25,39,33,0.195312,81.452,13189,853660,171,41,137.26,P,N,Y
../benchmarks/depth_fusion649,1,1,0,1,128,0,0,0,1,1,1,1,0,1,1,52,25,40,33,0.195312,73.5096,13341,950332,184,41,133.04,P,N,Y
../benchmarks/depth_fusion650,1,1,0,1,128,0,0,0,2,1,1,1,0,0,1,69,34,59,59,0.195312,80.1133,19693,1420098,296,74,132.97,P,N,Y
../benchmarks/depth_fusion651,1,1,0,1,128,0,0,0,2,1,1,1,0,1,1,71,35,59,59,0.195312,71.6122,20138,1508951,309,74,130.15,P,N,Y
../benchmarks/depth_fusion652,1,1,0,1,128,0,0,1,1,1,1,1,0,0,1,55,26,46,33,0.195312,80.5766,13598,881176,191,41,128.69,P,N,Y
../benchmarks/depth_fusion653,1,1,0,1,128,0,0,1,1,1,1,1,0,1,1,52,25,40,33,0.195312,73.6929,13000,921336,184,41,130.73,P,N,Y
../benchmarks/depth_fusion654,1,1,0,1,128,0,0,1,2,1,1,1,0,0,1,76,36,65,66,0.181628,56.6504,22277,1435931,350,82,130.88,P,N,Y
../benchmarks/depth_fusion655,1,1,0,1,128,0,0,1,2,1,1,1,0,1,1,67,33,49,66,0.169829,52.1434,19214,1017747,240,82,124.4,P,N,Y
../benchmarks/depth_fusion720,1,1,0,1,128,1,0,0,1,1,1,1,0,0,1,50,24,39,31,0.195312,81.5921,12796,853489,170,39,131.07,P,N,Y
../benchmarks/depth_fusion721,1,1,0,1,128,1,0,0,1,1,1,1,0,1,1,51,25,40,31,0.195312,73.6597,12872,950185,182,39,132.96,P,N,Y
../benchmarks/depth_fusion724,1,1,0,1,128,1,0,0,2,1,1,1,0,0,1,68,33,57,55,0.195312,80.1384,19088,1324302,279,70,132.71,P,N,Y
../benchmarks/depth_fusion725,1,1,0,1,128,1,0,0,2,1,1,1,0,1,1,70,34,58,55,0.195312,71.5861,19352,1493294,300,70,131.31,P,N,Y
../benchmarks/depth_fusion728,1,1,0,1,128,1,0,1,1,1,1,1,0,0,1,55,26,46,31,0.195312,80.581,13123,880465,191,39,130.41,P,N,Y
../benchmarks/depth_fusion729,1,1,0,1,128,1,0,1,1,1,1,1,0,1,1,51,25,40,31,0.195312,73.6775,12561,920937,184,39,131.96,P,N,Y
../benchmarks/depth_fusion732,1,1,0,1,128,1,0,1,2,1,1,1,0,0,1,75,36,66,63,0.181628,56.6562,21934,1457139,356,78,127.11,P,N,Y
../benchmarks/depth_fusion733,1,1,0,1,128,1,0,1,2,1,1,1,0,1,1,66,32,48,63,0.169829,52.068,18687,1014803,239,78,127.86,P,N,Y
../benchmarks/depth_fusion864,1,1,0,2,64,0,0,0,1,1,1,1,0,0,1,50,24,37,33,0.195312,81.2252,12988,852356,165,41,136.96,P,N,Y
../benchmarks/depth_fusion865,1,1,0,2,64,0,0,0,1,1,1,1,0,1,1,51,25,39,33,0.195312,73.6339,13129,949064,180,41,133.2,P,N,Y
../benchmarks/depth_fusion866,1,1,0,2,64,0,0,0,2,1,1,1,0,0,1,68,33,55,59,0.195312,80.1611,19272,1405598,285,74,130.27,P,N,Y
../benchmarks/depth_fusion867,1,1,0,2,64,0,0,0,2,1,1,1,0,1,1,71,34,58,59,0.195312,71.4829,19859,1505919,303,74,132.29,P,N,Y
../benchmarks/depth_fusion868,1,1,0,2,64,0,0,1,1,1,1,1,0,0,1,54,26,44,33,0.390625,80.2997,13363,892028,189,41,135.33,P,N,Y
../benchmarks/depth_fusion869,1,1,0,2,64,0,0,1,1,1,1,1,0,1,1,51,25,39,33,0.390625,73.6345,12788,920068,180,41,123.31,P,N,Y
../benchmarks/depth_fusion870,1,1,0,2,64,0,0,1,2,1,1,1,0,0,1,75,36,63,66,0.725242,56.2573,21932,1434336,340,82,125.32,P,N,Y
../benchmarks/depth_fusion871,1,1,0,2,64,0,0,1,2,1,1,1,0,1,1,66,32,47,66,0.678204,52.018,19011,1015325,237,82,130.2,P,N,Y
../benchmarks/depth_fusion936,1,1,0,2,64,1,0,0,1,1,1,1,0,0,1,49,24,37,31,0.195312,81.348,12486,852221,165,39,133.22,P,N,Y
../benchmarks/depth_fusion937,1,1,0,2,64,1,0,0,1,1,1,1,0,1,1,50,24,39,31,0.195312,73.6404,12658,948917,179,39,133.17,P,N,Y
../benchmarks/depth_fusion940,1,1,0,2,64,1,0,0,2,1,1,1,0,0,1,67,33,53,55,0.195312,80.1862,18694,1321690,270,70,129.53,P,N,Y
../benchmarks/depth_fusion941,1,1,0,2,64,1,0,0,2,1,1,1,0,1,1,70,34,58,55,0.195312,71.5426,19404,1504808,302,70,135.33,P,N,Y
../benchmarks/depth_fusion944,1,1,0,2,64,1,0,1,1,1,1,1,0,0,1,54,26,44,31,0.390625,80.2465,12935,891269,189,39,132.97,P,N,Y
../benchmarks/depth_fusion945,1,1,0,2,64,1,0,1,1,1,1,1,0,1,1,51,24,39,31,0.390625,73.5569,12445,919669,180,39,131.49,P,N,Y
../benchmarks/depth_fusion948,1,1,0,2,64,1,0,1,2,1,1,1,0,0,1,74,35,63,63,0.725242,999,-1,-1,-1,-1,-1,F,Y,N
../benchmarks/depth_fusion949,1,1,0,2,64,1,0,1,2,1,1,1,0,1,1,65,32,47,63,0.678204,52.0322,18456,1014047,236,78,131.01,P,N,Y
../benchmarks/depth_fusion1080,1,1,1,0,64,0,0,1,1,1,1,1,0,0,1,53,25,45,33,0.136483,16.1876,12232,764588,163,41,135.55,P,N,Y
../benchmarks/depth_fusion1081,1,1,1,0,64,0,0,1,1,1,1,1,0,1,1,54,25,46,33,0.139997,21.0656,12568,849880,174,41,137.23,P,N,Y
../benchmarks/depth_fusion1082,1,1,1,0,64,0,0,1,1,2,1,1,0,0,1,79,38,71,66,0.082687,12.5064,20055,1274014,282,82,133.1,P,N,Y
../benchmarks/depth_fusion1083,1,1,1,0,64,0,0,1,1,2,1,1,0,1,1,80,38,73,66,0.0852807,13.7097,20581,1210252,278,82,136.79,P,N,Y
../benchmarks/depth_fusion1084,1,1,1,0,64,0,1,1,1,1,1,1,0,0,1,54,26,47,33,0.136483,16.4772,12449,810010,175,41,133.47,P,N,Y
../benchmarks/depth_fusion1085,1,1,1,0,64,0,1,1,1,1,1,1,0,1,1,54,26,46,33,0.136483,20.3151,12379,774714,166,41,140.8,P,N,Y
../benchmarks/depth_fusion1086,1,1,1,0,64,0,1,1,1,2,1,1,0,0,1,84,40,85,66,0.082687,12.7785,21813,1389231,331,82,136.81,P,N,Y
../benchmarks/depth_fusion1087,1,1,1,0,64,0,1,1,1,2,1,1,0,1,1,82,39,78,66,0.082687,11.9593,21140,1176872,294,82,132.87,P,N,Y
../benchmarks/depth_fusion1088,1,1,1,0,64,0,2,1,1,1,1,1,0,0,1,54,26,47,33,0.136483,16.4253,12425,809958,174,41,133.52,P,N,Y
../benchmarks/depth_fusion1089,1,1,1,0,64,0,2,1,1,1,1,1,0,1,1,54,26,46,33,0.136483,20.6597,12369,774714,166,41,146.17,P,N,Y
../benchmarks/depth_fusion1090,1,1,1,0,64,0,2,1,1,2,1,1,0,0,1,84,40,85,66,0.082687,12.8374,21797,1389231,331,82,136.09,P,N,Y
../benchmarks/depth_fusion1091,1,1,1,0,64,0,2,1,1,2,1,1,0,1,1,82,39,78,66,0.082687,11.9229,21191,1176872,294,82,135.35,P,N,Y
../benchmarks/depth_fusion1092,1,1,1,0,64,1,0,1,1,1,1,1,0,0,1,52,25,45,31,0.136483,15.5005,11810,752525,160,39,142.89,P,N,Y
../benchmarks/depth_fusion1093,1,1,1,0,64,1,0,1,1,1,1,1,0,1,1,53,25,46,31,0.139997,21.0839,12144,849733,173,39,140.44,P,N,Y
../benchmarks/depth_fusion1096,1,1,1,0,64,1,0,1,1,2,1,1,0,0,1,78,37,72,63,0.082687,12.626,19539,1170578,271,78,133.2,P,N,Y
../benchmarks/depth_fusion1097,1,1,1,0,64,1,0,1,1,2,1,1,0,1,1,79,38,73,63,0.0852807,13.8598,20039,1192010,275,78,133.22,P,N,Y
../benchmarks/depth_fusion1100,1,1,1,0,64,1,1,1,1,1,1,1,0,0,1,54,26,47,31,0.136483,15.7995,12022,809799,174,39,139.66,P,N,Y
../benchmarks/depth_fusion1101,1,1,1,0,64,1,1,1,1,1,1,1,0,1,1,53,25,46,31,0.136483,20.9779,11917,774183,165,39,139.64,P,N,Y
../benchmarks/depth_fusion1104,1,1,1,0,64,1,1,1,1,2,1,1,0,0,1,83,39,85,63,0.082687,12.9688,21244,1313394,320,78,132.87,P,N,Y
../benchmarks/depth_fusion1105,1,1,1,0,64,1,1,1,1,2,1,1,0,1,1,81,39,78,63,0.082687,11.977,20677,1175300,293,78,132.69,P,N,Y
../benchmarks/depth_fusion1108,1,1,1,0,64,1,2,1,1,1,1,1,0,0,1,54,26,47,31,0.136483,14.9923,12016,809815,174,39,149.67,P,N,Y
../benchmarks/depth_fusion1109,1,1,1,0,64,1,2,1,1,1,1,1,0,1,1,53,25,46,31,0.136483,20.9443,11922,774183,165,39,142.53,P,N,Y
../benchmarks/depth_fusion1112,1,1,1,0,64,1,2,1,1,2,1,1,0,0,1,83,39,85,63,0.082687,12.9537,21231,1313394,320,78,133.13,P,N,Y
../benchmarks/depth_fusion1113,1,1,1,0,64,1,2,1,1,2,1,1,0,1,1,81,39,78,63,0.082687,11.9286,20727,1175300,293,78,136.68,P,N,Y
../benchmarks/depth_fusion1116,1,1,1,2,64,0,0,1,1,1,1,1,0,0,1,55,26,47,33,111.897,15.1398,11964,741636,156,41,143.98,P,N,Y
../benchmarks/depth_fusion1117,1,1,1,2,64,0,0,1,1,1,1,1,0,1,1,53,25,44,33,143.357,14.1883,12217,715940,157,41,146.34,P,N,Y
../benchmarks/depth_fusion1118,1,1,1,2,64,0,1,1,1,1,1,1,0,0,1,56,26,52,33,111.897,15.6878,12185,814510,171,41,137.74,P,N,Y
../benchmarks/depth_fusion1119,1,1,1,2,64,0,1,1,1,1,1,1,0,1,1,56,26,51,33,111.897,14.8759,12117,779230,163,41,147.53,P,N,Y
../benchmarks/depth_fusion1120,1,1,1,2,64,0,2,1,1,1,1,1,0,0,1,56,26,52,33,111.897,15.586,12198,814506,170,41,138.9,P,N,Y
../benchmarks/depth_fusion1121,1,1,1,2,64,0,2,1,1,1,1,1,0,1,1,56,26,51,33,111.897,15.1557,12072,779194,162,41,143.57,P,N,Y
../benchmarks/depth_fusion1122,1,1,1,2,64,1,0,1,1,1,1,1,0,0,1,54,25,48,31,111.897,15.2662,11531,741117,156,39,142.53,P,N,Y
../benchmarks/depth_fusion1123,1,1,1,2,64,1,0,1,1,1,1,1,0,1,1,52,25,44,31,143.357,15.2285,11805,715445,157,39,132.88,P,N,Y
../benchmarks/depth_fusion1126,1,1,1,2,64,1,1,1,1,1,1,1,0,0,1,56,26,52,31,111.897,15.2131,11790,814347,170,39,142.36,P,N,Y
../benchmarks/depth_fusion1127,1,1,1,2,64,1,1,1,1,1,1,1,0,1,1,55,26,51,31,111.897,15.1148,11659,779083,162,39,144.34,P,N,Y
../benchmarks/depth_fusion1130,1,1,1,2,64,1,2,1,1,1,1,1,0,0,1,56,26,52,31,111.897,14.8241,11755,814347,170,39,147.53,P,N,Y
../benchmarks/depth_fusion1131,1,1,1,2,64,1,2,1,1,1,1,1,0,1,1,55,26,51,31,111.897,15.047,11646,779083,162,39,145.56,P,N,Y
../benchmarks/depth_fusion1134,1,2,0,2,64,0,0,0,1,1,1,1,0,0,1,83,41,67,66,0.390625,80.0339,23849,1453064,290,82,132.89,P,N,Y
../benchmarks/depth_fusion1135,1,2,0,2,64,0,0,0,1,1,1,1,0,1,1,86,43,71,66,0.390625,72.3392,24233,1646480,320,82,132.96,P,N,Y
../benchmarks/depth_fusion1139,1,2,0,2,64,0,0,1,1,1,1,1,0,1,1,87,43,72,66,0.78125,72.8319,23587,1588488,320,82,124.51,P,N,Y
../benchmarks/depth_fusion1206,1,2,0,2,64,1,0,0,1,1,1,1,0,0,1,82,40,67,63,0.390625,79.6974,22897,1452794,290,78,137.17,P,N,Y
../benchmarks/depth_fusion1207,1,2,0,2,64,1,0,0,1,1,1,1,0,1,1,85,42,71,63,0.390625,71.9215,23307,1646186,318,78,132.62,P,N,Y
../benchmarks/depth_fusion1215,1,2,0,2,64,1,0,1,1,1,1,1,0,1,1,85,42,72,63,0.78125,72.2387,22766,1587690,320,78,126.0,P,N,Y
../benchmarks/depth_fusion1351,1,2,1,2,64,0,0,1,1,1,1,1,0,1,1,90,43,81,66,143.357,11.8042,22343,1180232,274,82,134.12,P,N,Y
../benchmarks/depth_fusion1357,1,2,1,2,64,1,0,1,1,1,1,1,0,1,1,89,43,81,63,143.357,11.8147,21494,1179242,274,78,136.94,P,N,Y
